DataType,Admin2,Admin1,Admin0,Fips,Latitude,Longitude,Population,CaseCount,Day 0,Day 1,Day 2,Day 3,Day 4,Day 5,Day 6,Day 7,Day 8,Day 9,Day 10,Day 11,Day 12,Day 13,Day 14,Day 15,Day 16,Day 17,Day 18,Day 19,Day 20,Day 21,Day 22,Day 23,Day 24,Day 25,Day 26,Day 27,Day 28,Day 29,Day 30,Day 31,Day 32,Day 33,Day 34,Day 35,Day 36,Day 37,Day 38,Day 39,Day 40,Day 41,Day 42,Day 43,Day 44,Day 45,Day 46,Day 47,Day 48,Day 49,Day 50,Day 51,Day 52,Day 53,Day 54,Day 55,Day 56,Day 57,Day 58,Day 59,Day 60,Day 61,Day 62,Day 63,Day 64,Day 65,Day 66,Day 67,Day 68,Day 69,Day 70,Day 71,Day 72,Day 73,Day 74,Day 75,Day 76,Day 77,Day 78,Day 79,Day 80,Day 81,Day 82,Day 83,Day 84,Day 85,Day 86,Day 87,Day 88,Day 89,Day 90,Day 91,Day 92,Day 93,Day 94,Day 95,Day 96,Day 97,Day 98,Day 99,Day 100,Day 101,Day 102,Day 103,Day 104,Day 105,Day 106,Day 107,Day 108,Day 109,Day 110,Day 111,Day 112,Day 113,Day 114,Day 115,Day 116,Day 117,Day 118,Day 119,Day 120,Day 121,Day 122,Day 123,Day 124,Day 125,Day 126,Day 127,Day 128,Day 129,Day 130,Day 131,Day 132,Day 133,Day 134,Day 135,Day 136,Day 137,Day 138,Day 139,Day 140,Day 141,Day 142,Day 143,Day 144,Day 145,Day 146,Day 147,Day 148,Day 149,Day 150,Day 151,Day 152,Day 153,Day 154,Day 155,Day 156,Day 157,Day 158,Day 159,Day 160,Day 161,Day 162,Day 163,Day 164,Day 165,Day 166,Day 167,Day 168,Day 169,Day 170,Day 171,Day 172,Day 173,Day 174,Day 175,Day 176,Day 177,Day 178,Day 179,Day 180,Day 181,Day 182,Day 183,Day 184,Day 185,Day 186,Day 187,Day 188,Day 189,Day 190,Day 191,Day 192,Day 193,Day 194,Day 195,Day 196,Day 197,Day 198,Day 199,Day 200,Day 201,Day 202,Day 203,Day 204,Day 205,Day 206,Day 207,Day 208,Day 209,Day 210,Day 211,Day 212,Day 213,Day 214,Day 215,Day 216,Day 217,Day 218,Day 219,Day 220,Day 221,Day 222,Day 223,Day 224,Day 225,Day 226,Day 227,Day 228,Day 229,Day 230,Day 231,Day 232,Day 233,Day 234,Day 235,Day 236,Day 237,Day 238,Day 239,Day 240,Day 241,Day 242,Day 243,Day 244,Day 245,Day 246,Day 247,Day 248,Day 249,Day 250,Day 251,Day 252,Day 253,Day 254,Day 255,Day 256,Day 257,Day 258,Day 259,Day 260,Day 261,Day 262,Day 263,Day 264,Day 265,Day 266,Day 267,Day 268,Day 269,Day 270,Day 271,Day 272,Day 273,Day 274,Day 275,Day 276,Day 277,Day 278,Day 279,Day 280,Day 281,Day 282,Day 283,Day 284,Day 285,Day 286,Day 287,Day 288,Day 289,Day 290,Day 291,Day 292,Day 293,Day 294,Day 295,Day 296,Day 297,Day 298,Day 299,Day 300,Day 301,Day 302,Day 303,Day 304,Day 305,Day 306,Day 307,Day 308,Day 309,Day 310,Day 311,Day 312,Day 313,Day 314,Day 315,Day 316,Day 317,Day 318,Day 319,Day 320,Day 321,Day 322,Day 323,Day 324,Day 325,Day 326,Day 327,Day 328,Day 329,Day 330,Day 331,Day 332,Day 333,Day 334,Day 335,Day 336,Day 337,Day 338,Day 339,Day 340,Day 341,Day 342,Day 343,Day 344,Day 345,Day 346,Day 347,Day 348,Day 349,Day 350,Day 351,Day 352,Day 353,Day 354,Day 355,Day 356,Day 357,Day 358,Day 359,Day 360,Day 361,Day 362,Day 363,Day 364,Day 365,Day 366,Day 367,Day 368,Day 369,Day 370,Day 371,Day 372,Day 373,Day 374,Day 375,Day 376,Day 377,Day 378,Day 379,Day 380,Day 381,Day 382,Day 383,Day 384,Day 385,Day 386,Day 387,Day 388,Day 389,Day 390,Day 391,Day 392,Day 393,Day 394,Day 395,Day 396,Day 397,Day 398,Day 399,Day 400,Day 401,Day 402,Day 403,Day 404,Day 405,Day 406,Day 407,Day 408,Day 409,Day 410,Day 411,Day 412,Day 413,Day 414,Day 415,Day 416,Day 417,Day 418,Day 419,Day 420,Day 421,Day 422,Day 423,Day 424,Day 425,Day 426,Day 427,Day 428,Day 429,Day 430,Day 431,Day 432,Day 433,Day 434,Day 435,Day 436,Day 437,Day 438,Day 439,Day 440,Day 441,Day 442,Day 443,Day 444,Day 445,Day 446,Day 447,Day 448,Day 449,Day 450,Day 451,Day 452,Day 453,Day 454,Day 455,Day 456,Day 457,Day 458,Day 459,Day 460,Day 461,Day 462,Day 463,Day 464,Day 465,Day 466,Day 467,Day 468,Day 469,Day 470,Day 471,Day 472,Day 473,Day 474,Day 475,Day 476,Day 477,Day 478,Day 479,Day 480,Day 481,Day 482,Day 483,Day 484,Day 485,Day 486,Day 487,Day 488,Day 489,Day 490,Day 491,Day 492,Day 493,Day 494,Day 495,Day 496,Day 497,Day 498,Day 499,Day 500,Day 501,Day 502,Day 503,Day 504,Day 505,Day 506,Day 507,Day 508,Day 509,Day 510,Day 511,Day 512,Day 513,Day 514,Day 515,Day 516,Day 517,Day 518,Day 519,Day 520,Day 521,Day 522,Day 523,Day 524,Day 525,Day 526,Day 527,Day 528,Day 529,Day 530,Day 531,Day 532,Day 533,Day 534,Day 535,Day 536,Day 537,Day 538,Day 539,Day 540,Day 541,Day 542,Day 543,Day 544,Day 545,Day 546,Day 547,Day 548,Day 549,Day 550,Day 551,Day 552,Day 553,Day 554,Day 555,Day 556,Day 557,Day 558,Day 559,Day 560,Day 561,Day 562,Day 563,Day 564,Day 565,Day 566,Day 567,Day 568,Day 569,Day 570,Day 571,Day 572,Day 573,Day 574,Day 575,Day 576,Day 577,Day 578,Day 579,Day 580,Day 581,Day 582,Day 583,Day 584,Day 585,Day 586,Day 587,Day 588,Day 589,Day 590,Day 591,Day 592,Day 593,Day 594,Day 595,Day 596,Day 597,Day 598,Day 599,Day 600,Day 601,Day 602,Day 603,Day 604,Day 605,Day 606,Day 607,Day 608,Day 609,Day 610,Day 611,Day 612,Day 613,Day 614,Day 615,Day 616,Day 617,Day 618,Day 619,Day 620,Day 621,Day 622,Day 623,Day 624,Day 625,Day 626,Day 627,Day 628,Day 629,Day 630,Day 631,Day 632,Day 633,Day 634,Day 635,Day 636,Day 637,Day 638,Day 639,Day 640,Day 641,Day 642,Day 643,Day 644,Day 645,Day 646,Day 647,Day 648,Day 649,Day 650,Day 651,Day 652,Day 653,Day 654,Day 655,Day 656,Day 657,Day 658,Day 659,Day 660,Day 661,Day 662,Day 663,Day 664,Day 665,Day 666,Day 667,Day 668,Day 669,Day 670,Day 671,Day 672,Day 673,Day 674,Day 675,Day 676,Day 677,Day 678,Day 679,Day 680,Day 681,Day 682,Day 683,Day 684,Day 685,Day 686,Day 687,Day 688,Day 689,Day 690,Day 691,Day 692,Day 693,Day 694,Day 695,Day 696,Day 697
Deaths,"","Aruba","Netherlands",0,12.52,-69.97,106766,180,0.00,0.00,0.00,0.00,0.00,0.00,0.00,0.00,0.00,0.00,0.00,0.00,0.00,0.00,0.00,0.00,0.00,0.00,0.00,0.00,0.00,0.00,0.00,0.00,0.00,0.00,0.00,0.00,0.00,0.00,0.00,0.00,0.00,0.00,0.00,0.00,0.00,0.00,0.00,0.00,0.00,0.00,0.00,0.00,0.00,0.00,0.00,0.00,0.00,0.00,0.00,0.00,0.00,0.00,0.00,0.00,0.00,0.00,0.00,0.00,0.00,0.00,0.00,0.00,0.00,0.00,0.00,0.00,0.00,0.00,0.00,0.00,0.00,0.00,0.00,0.01,0.01,0.02,0.04,0.07,0.10,0.14,0.18,0.21,0.22,0.22,0.21,0.18,0.14,0.10,0.07,0.04,0.02,0.01,0.01,0.00,0.00,0.00,0.01,0.02,0.03,0.04,0.06,0.08,0.10,0.11,0.11,0.11,0.10,0.08,0.06,0.04,0.03,0.02,0.01,0.00,0.00,0.00,0.00,0.00,0.00,0.00,0.00,0.00,0.00,0.00,0.00,0.00,0.00,0.00,0.00,0.00,0.00,0.00,0.00,0.00,0.00,0.00,0.00,0.00,0.00,0.00,0.00,0.00,0.00,0.00,0.00,0.00,0.00,0.00,0.00,0.00,0.00,0.00,0.00,0.00,0.00,0.00,0.00,0.00,0.00,0.00,0.00,0.00,0.00,0.00,0.00,0.00,0.00,0.00,0.00,0.00,0.00,0.00,0.00,0.00,0.00,0.00,0.00,0.00,0.00,0.00,0.00,0.00,0.00,0.00,0.00,0.00,0.00,0.00,0.00,0.00,0.00,0.00,0.00,0.00,0.01,0.02,0.03,0.04,0.06,0.09,0.11,0.14,0.16,0.19,0.22,0.25,0.29,0.33,0.36,0.39,0.41,0.41,0.42,0.42,0.42,0.43,0.44,0.46,0.49,0.51,0.54,0.57,0.58,0.59,0.60,0.60,0.60,0.61,0.63,0.67,0.70,0.74,0.78,0.79,0.78,0.75,0.71,0.64,0.57,0.50,0.44,0.38,0.34,0.31,0.30,0.30,0.33,0.38,0.45,0.51,0.57,0.61,0.61,0.60,0.56,0.50,0.45,0.39,0.34,0.30,0.26,0.23,0.20,0.19,0.20,0.22,0.25,0.28,0.32,0.34,0.35,0.35,0.33,0.31,0.28,0.26,0.25,0.25,0.25,0.26,0.27,0.28,0.29,0.31,0.33,0.35,0.39,0.43,0.46,0.49,0.51,0.51,0.49,0.46,0.42,0.37,0.33,0.28,0.24,0.20,0.17,0.13,0.10,0.07,0.05,0.03,0.02,0.01,0.00,0.00,0.00,0.00,0.00,0.01,0.02,0.03,0.04,0.06,0.08,0.11,0.13,0.14,0.15,0.16,0.16,0.16,0.16,0.15,0.14,0.14,0.14,0.15,0.16,0.19,0.21,0.23,0.23,0.22,0.20,0.17,0.14,0.11,0.10,0.10,0.11,0.13,0.16,0.18,0.21,0.24,0.26,0.27,0.26,0.25,0.23,0.20,0.18,0.17,0.18,0.22,0.29,0.37,0.46,0.54,0.60,0.64,0.64,0.61,0.57,0.52,0.47,0.43,0.41,0.41,0.44,0.48,0.54,0.61,0.68,0.75,0.79,0.81,0.80,0.75,0.68,0.60,0.52,0.46,0.42,0.39,0.38,0.35,0.33,0.31,0.28,0.27,0.28,0.30,0.34,0.39,0.43,0.47,0.49,0.50,0.49,0.47,0.43,0.40,0.36,0.34,0.32,0.33,0.35,0.39,0.42,0.46,0.48,0.48,0.46,0.42,0.36,0.30,0.24,0.19,0.17,0.17,0.20,0.26,0.34,0.44,0.55,0.64,0.72,0.79,0.82,0.83,0.81,0.77,0.68,0.58,0.47,0.35,0.25,0.17,0.12,0.10,0.10,0.13,0.19,0.27,0.37,0.46,0.54,0.60,0.63,0.62,0.58,0.52,0.45,0.38,0.33,0.29,0.27,0.27,0.27,0.27,0.29,0.31,0.35,0.39,0.42,0.45,0.46,0.45,0.43,0.40,0.36,0.33,0.32,0.31,0.31,0.31,0.30,0.28,0.25,0.22,0.17,0.13,0.09,0.06,0.04,0.02,0.01,0.00,0.00,0.00,0.00,0.00,0.00,0.00,0.00,0.00,0.00,0.00,0.00,0.00,0.00,0.00,0.00,0.00,0.00,0.00,0.00,0.00,0.00,0.00,0.00,0.00,0.00,0.00,0.00,0.00,0.00,0.00,0.00,0.00,0.00,0.00,0.01,0.02,0.03,0.04,0.06,0.08,0.10,0.12,0.13,0.14,0.14,0.14,0.14,0.14,0.14,0.13,0.13,0.12,0.11,0.11,0.11,0.12,0.14,0.16,0.18,0.19,0.19,0.19,0.18,0.18,0.17,0.19,0.23,0.30,0.40,0.53,0.67,0.82,0.95,1.07,1.15,1.20,1.22,1.23,1.23,1.22,1.23,1.27,1.32,1.39,1.48,1.58,1.69,1.79,1.87,1.93,1.93,1.87,1.77,1.62,1.44,1.27,1.10,0.97,0.86,0.76,0.69,0.63,0.57,0.53,0.49,0.47,0.47,0.48,0.49,0.53,0.57,0.62,0.69,0.76,0.81,0.85,0.84,0.80,0.73,0.64,0.54,0.46,0.40,0.36,0.34,0.34,0.33,0.32,0.31,0.29,0.27,0.24,0.21,0.17,0.14,0.12,0.10,0.09,0.09,0.10,0.11,0.11,0.11,0.11,0.10,0.08,0.06,0.04,0.03,0.02,0.02,0.03,0.04,0.06,0.08,0.10,0.11,0.11,0.11,0.10,0.08,0.07,0.06,0.05,0.06,0.07,0.08,0.10,0.11,0.12,0.13,0.12,0.12,0.12,0.12,0.12,0.13,0.12,0.11,0.10,0.09,0.07,0.07,0.07,0.09,0.13,0.17,0.22,0.27,0.32,0.35,0.37,0.38,0.38,0.39,0.39,0.40,0.41,0.42,0.43,0.43,0.43
Deaths,"","Bonaire, Sint Eustatius and Saba","Netherlands",0,12.18,-68.24,26221,21,0.00,0.00,0.00,0.00,0.00,0.00,0.00,0.00,0.00,0.00,0.00,0.00,0.00,0.00,0.00,0.00,0.00,0.00,0.00,0.00,0.00,0.00,0.00,0.00,0.00,0.00,0.00,0.00,0.00,0.00,0.00,0.00,0.00,0.00,0.00,0.00,0.00,0.00,0.00,0.00,0.00,0.00,0.00,0.00,0.00,0.00,0.00,0.00,0.00,0.00,0.00,0.00,0.00,0.00,0.00,0.00,0.00,0.00,0.00,0.00,0.00,0.00,0.00,0.00,0.00,0.00,0.00,0.00,0.00,0.00,0.00,0.00,0.00,0.00,0.00,0.00,0.00,0.00,0.00,0.00,0.00,0.00,0.00,0.00,0.00,0.00,0.00,0.00,0.00,0.00,0.00,0.00,0.00,0.00,0.00,0.00,0.00,0.00,0.00,0.00,0.00,0.00,0.00,0.00,0.00,0.00,0.00,0.00,0.00,0.00,0.00,0.00,0.00,0.00,0.00,0.00,0.00,0.00,0.00,0.00,0.00,0.00,0.00,0.00,0.00,0.00,0.00,0.00,0.00,0.00,0.00,0.00,0.00,0.00,0.00,0.00,0.00,0.00,0.00,0.00,0.00,0.00,0.00,0.00,0.00,0.00,0.00,0.00,0.00,0.00,0.00,0.00,0.00,0.00,0.00,0.00,0.00,0.00,0.00,0.00,0.00,0.00,0.00,0.00,0.00,0.00,0.00,0.00,0.00,0.00,0.00,0.00,0.00,0.00,0.00,0.00,0.00,0.00,0.00,0.00,0.00,0.00,0.00,0.00,0.00,0.00,0.00,0.00,0.00,0.00,0.00,0.00,0.00,0.00,0.00,0.00,0.00,0.00,0.00,0.00,0.00,0.00,0.00,0.00,0.00,0.00,0.00,0.00,0.00,0.00,0.00,0.00,0.00,0.00,0.00,0.00,0.00,0.00,0.00,0.00,0.00,0.00,0.00,0.00,0.00,0.00,0.00,0.00,0.00,0.00,0.01,0.02,0.03,0.04,0.06,0.08,0.10,0.11,0.11,0.11,0.10,0.08,0.06,0.04,0.03,0.02,0.01,0.00,0.00,0.00,0.01,0.02,0.03,0.04,0.06,0.08,0.10,0.11,0.11,0.11,0.10,0.09,0.08,0.07,0.07,0.08,0.09,0.10,0.11,0.11,0.11,0.10,0.08,0.06,0.04,0.03,0.02,0.01,0.00,0.00,0.00,0.00,0.00,0.00,0.00,0.00,0.00,0.00,0.00,0.00,0.00,0.00,0.00,0.00,0.00,0.00,0.00,0.00,0.00,0.00,0.00,0.00,0.00,0.00,0.00,0.00,0.00,0.00,0.00,0.00,0.00,0.00,0.00,0.00,0.00,0.00,0.00,0.00,0.00,0.00,0.00,0.00,0.00,0.00,0.00,0.00,0.00,0.00,0.00,0.00,0.00,0.00,0.00,0.00,0.00,0.00,0.00,0.00,0.00,0.00,0.00,0.00,0.00,0.00,0.00,0.00,0.00,0.00,0.00,0.00,0.00,0.00,0.00,0.00,0.00,0.00,0.00,0.00,0.00,0.00,0.00,0.00,0.00,0.00,0.00,0.00,0.00,0.00,0.00,0.00,0.00,0.00,0.00,0.00,0.00,0.00,0.00,0.00,0.00,0.00,0.00,0.00,0.00,0.00,0.00,0.00,0.00,0.00,0.00,0.00,0.00,0.00,0.00,0.00,0.00,0.00,0.00,0.00,0.00,0.00,0.00,0.00,0.00,0.00,0.00,0.00,0.00,0.00,0.00,0.00,0.00,0.00,0.00,0.00,0.00,0.00,0.00,0.00,0.00,0.00,0.00,0.00,0.00,0.00,0.00,0.00,0.00,0.00,0.00,0.00,0.00,0.00,0.00,0.00,0.00,0.00,0.00,0.00,0.00,0.00,0.00,0.00,0.00,0.00,0.00,0.00,0.00,0.00,0.00,0.00,0.00,0.00,0.00,0.02,0.05,0.10,0.20,0.33,0.52,0.75,0.99,1.23,1.39,1.45,1.43,1.30,1.10,0.88,0.66,0.48,0.34,0.24,0.17,0.13,0.08,0.06,0.04,0.03,0.02,0.01,0.00,0.00,0.00,0.00,0.00,0.00,0.00,0.00,0.00,0.00,0.00,0.00,0.00,0.00,0.00,0.00,0.00,0.00,0.00,0.00,0.00,0.00,0.00,0.00,0.00,0.00,0.00,0.00,0.00,0.00,0.00,0.00,0.00,0.00,0.00,0.00,0.00,0.00,0.00,0.00,0.00,0.00,0.00,0.00,0.00,0.00,0.00,0.00,0.00,0.00,0.00,0.00,0.00,0.00,0.00,0.00,0.00,0.00,0.00,0.00,0.00,0.00,0.00,0.00,0.00,0.00,0.00,0.00,0.00,0.00,0.00,0.00,0.00,0.00,0.00,0.00,0.00,0.00,0.00,0.00,0.00,0.00,0.00,0.00,0.00,0.00,0.00,0.00,0.00,0.00,0.00,0.00,0.00,0.00,0.00,0.00,0.00,0.00,0.00,0.00,0.00,0.00,0.00,0.00,0.00,0.00,0.00,0.00,0.00,0.00,0.00,0.00,0.00,0.00,0.00,0.00,0.00,0.01,0.02,0.03,0.04,0.06,0.08,0.10,0.11,0.12,0.13,0.12,0.12,0.12,0.12,0.12,0.13,0.12,0.12,0.11,0.10,0.09,0.08,0.08,0.09,0.09,0.09,0.09,0.08,0.06,0.04,0.02,0.01,-0.00,-0.01,-0.02,-0.04,-0.06,-0.08,-0.09,-0.09,-0.09,-0.07,-0.06,-0.04,-0.03,-0.02,-0.01,-0.00,0.00,0.01,0.02,0.03,0.04,0.06,0.09,0.11,0.14,0.15,0.17,0.18,0.18,0.17,0.15,0.14,0.11,0.09,0.07,0.05,0.04,0.04,0.05,0.06,0.08,0.10,0.11,0.11,0.11,0.10,0.08,0.06,0.04,0.03,0.02,0.01,0.00,0.00,0.00,0.00,0.00,0.00,0.00,0.00,0.00,0.00,0.00,0.00,0.00,0.00,0.00,0.00,0.00
Deaths,"","Curacao","Netherlands",0,12.17,-68.99,164100,184,0.00,0.00,0.00,0.00,0.00,0.00,0.00,0.00,0.00,0.00,0.00,0.00,0.00,0.00,0.00,0.00,0.00,0.00,0.00,0.00,0.00,0.00,0.00,0.00,0.00,0.00,0.00,0.00,0.00,0.00,0.00,0.00,0.00,0.00,0.00,0.00,0.00,0.00,0.00,0.00,0.00,0.00,0.00,0.00,0.00,0.00,0.00,0.00,0.00,0.01,0.02,0.03,0.04,0.06,0.08,0.10,0.11,0.11,0.11,0.10,0.08,0.06,0.04,0.03,0.02,0.01,0.00,0.00,0.00,0.00,0.00,0.00,0.00,0.00,0.00,0.00,0.00,0.00,0.00,0.00,0.00,0.00,0.00,0.00,0.00,0.00,0.00,0.00,0.00,0.00,0.00,0.00,0.00,0.00,0.00,0.00,0.00,0.00,0.00,0.00,0.00,0.00,0.00,0.00,0.00,0.00,0.00,0.00,0.00,0.00,0.00,0.00,0.00,0.00,0.00,0.00,0.00,0.00,0.00,0.00,0.00,0.00,0.00,0.00,0.00,0.00,0.00,0.00,0.00,0.00,0.00,0.00,0.00,0.00,0.00,0.00,0.00,0.00,0.00,0.00,0.00,0.00,0.00,0.00,0.00,0.00,0.00,0.00,0.00,0.00,0.00,0.00,0.00,0.00,0.00,0.00,0.00,0.00,0.00,0.00,0.00,0.00,0.00,0.00,0.00,0.00,0.00,0.00,0.00,0.00,0.00,0.00,0.00,0.00,0.00,0.00,0.00,0.00,0.00,0.00,0.00,0.00,0.00,0.00,0.00,0.00,0.00,0.00,0.00,0.00,0.00,0.00,0.00,0.00,0.00,0.00,0.00,0.00,0.00,0.00,0.00,0.00,0.00,0.00,0.00,0.00,0.00,0.00,0.00,0.00,0.00,0.00,0.00,0.00,0.00,0.00,0.00,0.00,0.00,0.00,0.00,0.00,0.00,0.00,0.00,0.00,0.00,0.00,0.00,0.00,0.00,0.00,0.00,0.00,0.00,0.00,0.00,0.00,0.00,0.00,0.00,0.00,0.00,0.00,0.00,0.00,0.00,0.00,0.00,0.00,0.00,0.00,0.00,0.00,0.00,0.00,0.00,0.00,0.00,0.00,0.00,0.00,0.00,0.00,0.00,0.00,0.00,0.00,0.00,0.00,0.00,0.00,0.00,0.00,0.00,0.00,0.00,0.00,0.00,0.01,0.02,0.03,0.04,0.06,0.08,0.10,0.11,0.11,0.11,0.10,0.08,0.06,0.04,0.03,0.02,0.02,0.03,0.04,0.06,0.08,0.10,0.11,0.12,0.12,0.12,0.12,0.13,0.15,0.19,0.24,0.30,0.36,0.41,0.44,0.45,0.44,0.41,0.38,0.36,0.34,0.34,0.36,0.38,0.39,0.39,0.37,0.34,0.29,0.24,0.19,0.16,0.14,0.15,0.17,0.21,0.26,0.30,0.33,0.35,0.35,0.35,0.34,0.34,0.34,0.34,0.35,0.36,0.37,0.38,0.39,0.38,0.37,0.35,0.31,0.26,0.21,0.16,0.13,0.11,0.10,0.10,0.11,0.11,0.11,0.11,0.10,0.09,0.08,0.07,0.07,0.08,0.09,0.10,0.11,0.11,0.11,0.11,0.10,0.09,0.08,0.09,0.10,0.11,0.11,0.11,0.11,0.10,0.08,0.06,0.04,0.03,0.02,0.01,0.00,0.00,0.00,0.00,0.00,0.00,0.00,0.00,0.00,0.00,0.00,0.00,0.00,0.00,0.00,0.00,0.00,0.00,0.00,0.00,0.01,0.02,0.03,0.05,0.08,0.12,0.17,0.23,0.29,0.37,0.46,0.55,0.67,0.78,0.90,1.04,1.18,1.33,1.51,1.71,1.94,2.16,2.37,2.56,2.70,2.78,2.81,2.81,2.79,2.77,2.78,2.83,2.89,2.96,3.00,3.01,2.97,2.87,2.75,2.63,2.51,2.40,2.28,2.16,2.02,1.85,1.67,1.49,1.30,1.15,1.02,0.91,0.83,0.76,0.71,0.68,0.66,0.66,0.67,0.68,0.69,0.70,0.70,0.69,0.66,0.62,0.58,0.53,0.49,0.44,0.39,0.33,0.27,0.22,0.16,0.11,0.07,0.05,0.03,0.02,0.02,0.03,0.04,0.06,0.08,0.10,0.11,0.11,0.11,0.10,0.08,0.07,0.06,0.06,0.07,0.09,0.13,0.16,0.20,0.23,0.25,0.26,0.25,0.24,0.22,0.19,0.17,0.14,0.11,0.09,0.06,0.04,0.03,0.02,0.01,0.00,0.00,0.00,0.00,0.00,0.00,0.00,0.00,0.00,0.00,0.00,0.00,0.00,0.00,0.00,0.00,0.00,0.00,0.00,0.00,0.00,0.01,0.02,0.04,0.07,0.11,0.17,0.24,0.32,0.41,0.49,0.55,0.58,0.58,0.56,0.52,0.46,0.41,0.37,0.35,0.34,0.35,0.38,0.42,0.46,0.50,0.55,0.60,0.65,0.71,0.76,0.80,0.81,0.80,0.78,0.75,0.73,0.73,0.74,0.76,0.78,0.79,0.80,0.79,0.78,0.76,0.75,0.73,0.70,0.67,0.62,0.57,0.53,0.49,0.47,0.45,0.46,0.46,0.46,0.47,0.47,0.48,0.49,0.50,0.52,0.54,0.55,0.56,0.57,0.58,0.59,0.61,0.62,0.63,0.62,0.59,0.55,0.50,0.45,0.41,0.40,0.39,0.40,0.40,0.40,0.39,0.36,0.33,0.29,0.26,0.23,0.22,0.21,0.21,0.22,0.22,0.22,0.22,0.21,0.20,0.19,0.18,0.16,0.14,0.11,0.09,0.06,0.04,0.03,0.02,0.01,0.01,0.01,0.02,0.04,0.07,0.10,0.15,0.20,0.25,0.29,0.32,0.32,0.31,0.28,0.25,0.21,0.18,0.16,0.16,0.17,0.17,0.19,0.21,0.23,0.26,0.28,0.30,0.33,0.34,0.35,0.35,0.35,0.34,0.34,0.33,0.33,0.32,0.31,0.30
Deaths,"","Drenthe","Netherlands",0,52.86,6.62,493682,368,0.00,0.00,0.00,0.00,0.00,0.00,0.00,0.00,0.00,0.00,0.00,0.00,0.00,0.00,0.00,0.00,0.00,0.00,0.00,0.00,0.00,0.00,0.00,0.00,0.00,0.00,0.00,0.00,0.00,0.00,0.00,0.00,0.00,0.00,0.00,0.00,0.00,0.00,0.00,0.00,0.00,0.00,0.00,0.00,0.00,0.00,0.00,0.00,0.00,0.00,0.00,0.00,0.00,0.00,0.00,0.00,0.00,0.00,0.00,0.00,0.00,0.00,0.00,0.00,0.00,0.00,0.00,0.00,0.00,0.00,0.00,0.00,0.00,0.00,0.00,0.00,0.00,0.00,0.00,0.00,0.00,0.00,0.00,0.00,0.00,0.00,0.00,0.00,0.00,0.00,0.00,0.00,0.00,0.00,0.00,0.00,0.00,0.00,0.00,0.00,0.00,0.00,0.00,0.00,0.00,0.00,0.00,0.00,0.00,0.00,0.00,0.00,0.00,0.00,0.00,0.00,0.00,0.00,0.00,0.00,0.00,0.00,0.00,0.00,0.00,0.00,0.00,0.00,0.00,0.00,0.00,0.00,0.00,0.00,0.00,0.00,0.00,0.00,0.00,0.00,0.00,0.00,0.00,0.00,0.00,0.00,0.00,0.00,0.00,0.00,0.00,0.00,0.00,0.00,0.00,0.00,0.00,0.00,0.00,0.00,0.00,0.00,0.00,0.00,0.00,0.00,0.00,0.00,0.00,0.00,0.00,0.00,0.00,0.00,0.00,0.00,0.00,0.00,0.00,0.00,0.00,0.00,0.00,0.00,0.00,0.00,0.00,0.00,0.00,0.00,0.00,0.00,0.00,0.00,0.00,0.00,0.00,0.00,0.00,0.00,0.00,0.00,0.00,0.00,0.00,0.00,0.00,0.00,0.00,0.00,0.00,0.00,0.00,0.00,0.00,0.00,0.00,0.00,0.00,0.00,0.00,0.00,0.00,0.00,0.00,0.00,0.00,0.00,0.00,0.00,0.00,0.00,0.00,0.00,0.00,0.00,0.00,0.00,0.01,0.03,0.05,0.09,0.14,0.22,0.30,0.39,0.49,0.58,0.66,0.74,0.82,0.90,0.99,1.08,1.17,1.25,1.31,1.35,1.33,1.29,1.22,1.13,1.05,0.99,0.96,0.95,0.93,0.91,0.88,0.84,0.81,0.79,0.80,0.82,0.85,0.88,0.91,0.92,0.92,0.92,0.92,0.92,0.94,0.98,1.03,1.09,1.13,1.17,1.20,1.20,1.20,1.21,1.21,1.21,1.22,1.23,1.24,1.24,1.22,1.20,1.17,1.12,1.08,1.05,1.03,1.03,1.04,1.06,1.08,1.08,1.05,1.00,0.92,0.83,0.73,0.64,0.56,0.49,0.43,0.39,0.35,0.33,0.32,0.32,0.33,0.36,0.39,0.43,0.48,0.53,0.59,0.68,0.78,0.90,1.05,1.22,1.38,1.52,1.61,1.66,1.66,1.64,1.63,1.68,1.79,2.01,2.35,2.76,3.23,3.69,4.09,4.42,4.64,4.79,4.88,4.92,4.94,4.94,4.85,4.69,4.49,4.22,3.92,3.63,3.35,3.08,2.82,2.56,2.32,2.10,1.91,1.80,1.73,1.71,1.74,1.80,1.86,1.93,1.99,2.03,2.06,2.07,2.08,2.06,2.01,1.95,1.85,1.72,1.57,1.42,1.26,1.15,1.05,0.99,0.98,1.02,1.12,1.26,1.44,1.66,1.87,2.06,2.24,2.39,2.49,2.54,2.53,2.48,2.37,2.20,2.01,1.81,1.60,1.41,1.23,1.08,0.93,0.80,0.68,0.57,0.49,0.43,0.38,0.37,0.36,0.37,0.38,0.39,0.41,0.43,0.46,0.49,0.53,0.56,0.61,0.66,0.71,0.77,0.85,0.93,1.00,1.06,1.09,1.09,1.05,0.99,0.91,0.82,0.73,0.66,0.60,0.56,0.53,0.50,0.48,0.45,0.41,0.36,0.32,0.28,0.26,0.26,0.27,0.30,0.34,0.39,0.45,0.49,0.53,0.56,0.57,0.57,0.57,0.55,0.53,0.50,0.46,0.42,0.37,0.32,0.27,0.24,0.21,0.19,0.18,0.17,0.17,0.17,0.17,0.16,0.16,0.15,0.14,0.13,0.11,0.08,0.06,0.04,0.03,0.02,0.01,0.00,0.00,0.00,0.00,0.00,0.00,0.00,0.00,0.00,0.00,0.00,0.00,0.00,0.00,0.00,0.00,0.00,0.00,0.00,0.00,0.00,0.00,0.00,0.00,0.00,0.00,0.00,0.00,0.00,0.00,0.00,0.00,0.00,0.00,0.00,0.00,0.00,0.00,0.00,0.00,0.00,0.00,0.00,0.00,0.00,0.00,0.00,0.00,0.00,0.00,0.00,0.00,0.00,0.00,0.00,0.00,0.00,0.00,0.00,0.00,0.00,0.00,0.00,0.00,0.00,0.00,0.00,0.00,0.00,0.00,0.00,0.00,0.00,0.00,0.00,0.00,0.00,0.00,0.00,0.00,0.00,0.00,0.00,0.00,0.00,0.00,0.00,0.00,0.00,0.00,0.00,0.00,0.01,0.02,0.04,0.07,0.10,0.15,0.20,0.25,0.30,0.33,0.35,0.34,0.33,0.30,0.27,0.24,0.22,0.20,0.18,0.17,0.17,0.16,0.16,0.15,0.15,0.14,0.14,0.14,0.14,0.13,0.12,0.11,0.10,0.09,0.10,0.11,0.14,0.17,0.20,0.22,0.23,0.22,0.20,0.18,0.16,0.16,0.18,0.23,0.30,0.38,0.48,0.59,0.68,0.75,0.81,0.84,0.85,0.84,0.81,0.77,0.73,0.67,0.61,0.56,0.51,0.48,0.47,0.47,0.47,0.48,0.50,0.51,0.54,0.59,0.65,0.76,0.88,1.02,1.16,1.27,1.33,1.33,1.28,1.20,1.11,1.04,1.02,1.03,1.08,1.14,1.20,1.25,1.26,1.25,1.22,1.15,1.08,1.01,0.95,0.90,0.87,0.85,0.85,0.86,0.86
Deaths,"","Flevoland","Netherlands",0,52.55,5.52,423021,205,0.00,0.00,0.00,0.00,0.00,0.00,0.00,0.00,0.00,0.00,0.00,0.00,0.00,0.00,0.00,0.00,0.00,0.00,0.00,0.00,0.00,0.00,0.00,0.00,0.00,0.00,0.00,0.00,0.00,0.00,0.00,0.00,0.00,0.00,0.00,0.00,0.00,0.00,0.00,0.00,0.00,0.00,0.00,0.00,0.00,0.00,0.00,0.00,0.00,0.00,0.00,0.00,0.00,0.00,0.00,0.00,0.00,0.00,0.00,0.00,0.00,0.00,0.00,0.00,0.00,0.00,0.00,0.00,0.00,0.00,0.00,0.00,0.00,0.00,0.00,0.00,0.00,0.00,0.00,0.00,0.00,0.00,0.00,0.00,0.00,0.00,0.00,0.00,0.00,0.00,0.00,0.00,0.00,0.00,0.00,0.00,0.00,0.00,0.00,0.00,0.00,0.00,0.00,0.00,0.00,0.00,0.00,0.00,0.00,0.00,0.00,0.00,0.00,0.00,0.00,0.00,0.00,0.00,0.00,0.00,0.00,0.00,0.00,0.00,0.00,0.00,0.00,0.00,0.00,0.00,0.00,0.00,0.00,0.00,0.00,0.00,0.00,0.00,0.00,0.00,0.00,0.00,0.00,0.00,0.00,0.00,0.00,0.00,0.00,0.00,0.00,0.00,0.00,0.00,0.00,0.00,0.00,0.00,0.00,0.00,0.00,0.00,0.00,0.00,0.00,0.00,0.00,0.00,0.00,0.00,0.00,0.00,0.00,0.00,0.00,0.00,0.00,0.00,0.00,0.00,0.00,0.01,0.02,0.03,0.04,0.06,0.08,0.10,0.11,0.11,0.11,0.10,0.08,0.06,0.04,0.03,0.02,0.01,0.00,0.00,0.00,0.00,0.00,0.00,0.00,0.00,0.00,0.00,0.00,0.00,0.01,0.02,0.03,0.04,0.06,0.09,0.11,0.14,0.15,0.17,0.18,0.18,0.17,0.16,0.14,0.13,0.11,0.11,0.10,0.11,0.12,0.12,0.12,0.13,0.13,0.13,0.13,0.15,0.17,0.20,0.23,0.26,0.29,0.31,0.32,0.33,0.32,0.30,0.27,0.25,0.22,0.20,0.18,0.17,0.16,0.14,0.13,0.11,0.09,0.07,0.06,0.06,0.08,0.10,0.14,0.19,0.25,0.31,0.36,0.41,0.45,0.47,0.47,0.46,0.43,0.40,0.39,0.39,0.41,0.45,0.52,0.59,0.66,0.72,0.77,0.81,0.82,0.82,0.81,0.78,0.74,0.72,0.70,0.69,0.72,0.76,0.82,0.87,0.92,0.95,0.95,0.93,0.91,0.89,0.91,0.96,1.04,1.16,1.27,1.36,1.41,1.42,1.39,1.34,1.28,1.23,1.17,1.10,1.03,0.96,0.88,0.79,0.71,0.64,0.58,0.52,0.47,0.44,0.42,0.40,0.38,0.38,0.38,0.40,0.42,0.44,0.46,0.46,0.45,0.43,0.41,0.40,0.41,0.45,0.52,0.62,0.71,0.81,0.89,0.96,1.02,1.09,1.17,1.27,1.36,1.46,1.53,1.58,1.59,1.57,1.55,1.52,1.50,1.48,1.47,1.45,1.40,1.33,1.24,1.13,1.01,0.89,0.78,0.69,0.62,0.57,0.54,0.53,0.52,0.52,0.52,0.52,0.52,0.50,0.49,0.48,0.49,0.52,0.56,0.63,0.70,0.76,0.80,0.83,0.84,0.84,0.83,0.81,0.81,0.80,0.81,0.81,0.83,0.83,0.83,0.80,0.76,0.71,0.64,0.58,0.53,0.50,0.49,0.49,0.52,0.56,0.60,0.65,0.68,0.68,0.64,0.58,0.49,0.39,0.28,0.20,0.13,0.08,0.05,0.05,0.05,0.06,0.08,0.10,0.11,0.11,0.11,0.10,0.08,0.07,0.06,0.06,0.07,0.09,0.12,0.17,0.22,0.28,0.34,0.40,0.46,0.50,0.53,0.53,0.51,0.47,0.41,0.35,0.29,0.25,0.22,0.20,0.19,0.20,0.21,0.24,0.29,0.34,0.41,0.48,0.54,0.59,0.62,0.62,0.60,0.55,0.48,0.39,0.31,0.24,0.19,0.16,0.16,0.18,0.21,0.25,0.29,0.32,0.33,0.32,0.29,0.26,0.23,0.20,0.17,0.16,0.14,0.12,0.10,0.08,0.06,0.04,0.03,0.02,0.01,0.00,0.00,0.00,0.00,0.00,0.00,0.00,0.00,0.00,0.00,0.00,0.00,0.00,0.00,0.00,0.00,0.00,0.00,0.00,0.00,0.00,0.00,0.00,0.00,0.00,0.00,0.00,0.00,0.00,0.00,0.00,0.00,0.00,0.00,0.00,0.00,0.00,0.00,0.00,0.00,0.00,0.00,0.00,0.00,0.00,0.00,0.01,0.02,0.04,0.06,0.09,0.13,0.17,0.22,0.25,0.28,0.29,0.29,0.27,0.25,0.23,0.21,0.20,0.20,0.21,0.23,0.24,0.23,0.22,0.20,0.16,0.12,0.08,0.05,0.03,0.02,0.01,0.01,0.02,0.03,0.04,0.06,0.08,0.10,0.11,0.11,0.11,0.10,0.09,0.08,0.07,0.07,0.08,0.09,0.10,0.11,0.11,0.11,0.10,0.08,0.06,0.05,0.04,0.04,0.05,0.06,0.08,0.10,0.11,0.11,0.11,0.10,0.08,0.06,0.04,0.03,0.02,0.01,0.01,0.01,0.02,0.03,0.05,0.08,0.11,0.16,0.21,0.27,0.35,0.44,0.54,0.64,0.74,0.84,0.90,0.92,0.92,0.86,0.76,0.64,0.51,0.39,0.29,0.21,0.17,0.15,0.14,0.16,0.18,0.22,0.26,0.30,0.37,0.44,0.51,0.59,0.66,0.74,0.81,0.85,0.87,0.87,0.84,0.79,0.73,0.66,0.59,0.53,0.50,0.48,0.48,0.49,0.54,0.59,0.64,0.71,0.80,0.89,0.99,1.11,1.22,1.31,1.37,1.40,1.38,1.31,1.20,1.08,0.95,0.83,0.71,0.62,0.54
Deaths,"","Friesland","Netherlands",0,53.09,5.79,649957,494,0.00,0.00,0.00,0.00,0.00,0.00,0.00,0.00,0.00,0.00,0.00,0.00,0.00,0.00,0.00,0.00,0.00,0.00,0.00,0.00,0.00,0.00,0.00,0.00,0.00,0.00,0.00,0.00,0.00,0.00,0.00,0.00,0.00,0.00,0.00,0.00,0.00,0.00,0.00,0.00,0.00,0.00,0.00,0.00,0.00,0.00,0.00,0.00,0.00,0.00,0.00,0.00,0.00,0.00,0.00,0.00,0.00,0.00,0.00,0.00,0.00,0.00,0.00,0.00,0.00,0.00,0.00,0.00,0.00,0.00,0.00,0.00,0.00,0.00,0.00,0.00,0.00,0.00,0.00,0.00,0.00,0.00,0.00,0.00,0.00,0.00,0.00,0.00,0.00,0.00,0.00,0.00,0.00,0.00,0.00,0.00,0.00,0.00,0.00,0.00,0.00,0.00,0.00,0.00,0.00,0.00,0.00,0.00,0.00,0.00,0.00,0.00,0.00,0.00,0.00,0.00,0.00,0.00,0.00,0.00,0.00,0.00,0.00,0.00,0.00,0.00,0.00,0.00,0.00,0.00,0.00,0.00,0.00,0.00,0.00,0.00,0.00,0.00,0.00,0.00,0.00,0.00,0.00,0.00,0.00,0.00,0.00,0.00,0.00,0.00,0.00,0.00,0.00,0.00,0.00,0.00,0.00,0.00,0.00,0.00,0.00,0.00,0.00,0.00,0.00,0.00,0.00,0.00,0.00,0.00,0.00,0.00,0.00,0.00,0.00,0.00,0.00,0.00,0.00,0.00,0.00,0.00,0.00,0.00,0.00,0.00,0.00,0.00,0.00,0.00,0.00,0.00,0.00,0.00,0.00,0.00,0.00,0.00,0.00,0.00,0.00,0.00,0.00,0.00,0.00,0.00,0.00,0.00,0.00,0.00,0.00,0.00,0.00,0.00,0.00,0.00,0.00,0.00,0.00,0.00,0.00,0.00,0.00,0.00,0.00,0.00,0.00,0.00,0.00,0.00,0.00,0.00,0.00,0.00,0.00,0.00,0.00,0.00,0.00,0.00,0.00,0.00,0.00,0.00,0.00,0.00,0.00,0.01,0.02,0.03,0.04,0.06,0.09,0.11,0.13,0.16,0.18,0.20,0.22,0.23,0.25,0.25,0.24,0.22,0.20,0.19,0.21,0.25,0.32,0.44,0.57,0.71,0.85,0.97,1.07,1.12,1.14,1.13,1.08,1.02,0.96,0.91,0.89,0.89,0.91,0.94,0.97,0.98,0.98,0.98,0.97,1.00,1.05,1.12,1.25,1.40,1.58,1.79,2.01,2.21,2.38,2.47,2.49,2.43,2.29,2.13,1.95,1.76,1.60,1.47,1.37,1.31,1.28,1.28,1.28,1.27,1.24,1.17,1.09,0.98,0.89,0.80,0.74,0.70,0.68,0.67,0.67,0.68,0.69,0.70,0.71,0.73,0.77,0.83,0.93,1.06,1.24,1.45,1.70,1.98,2.26,2.51,2.72,2.85,2.89,2.85,2.75,2.63,2.49,2.40,2.34,2.33,2.36,2.41,2.48,2.55,2.62,2.69,2.76,2.83,2.92,3.03,3.15,3.26,3.38,3.46,3.51,3.53,3.54,3.52,3.50,3.50,3.55,3.64,3.79,4.00,4.26,4.52,4.76,4.97,5.14,5.26,5.35,5.40,5.38,5.31,5.21,5.09,5.02,5.01,5.06,5.13,5.14,5.09,4.92,4.63,4.30,3.94,3.61,3.33,3.12,2.98,2.90,2.88,2.89,2.89,2.86,2.79,2.66,2.49,2.29,2.09,1.92,1.77,1.66,1.62,1.61,1.64,1.69,1.73,1.75,1.73,1.67,1.58,1.47,1.34,1.20,1.08,0.97,0.89,0.84,0.83,0.85,0.88,0.91,0.93,0.94,0.93,0.91,0.89,0.87,0.85,0.84,0.81,0.79,0.76,0.71,0.65,0.58,0.50,0.42,0.35,0.29,0.25,0.23,0.23,0.26,0.31,0.36,0.41,0.46,0.49,0.51,0.53,0.53,0.54,0.55,0.56,0.57,0.57,0.56,0.57,0.56,0.57,0.57,0.56,0.55,0.53,0.49,0.46,0.42,0.39,0.36,0.34,0.32,0.31,0.28,0.26,0.23,0.20,0.17,0.13,0.10,0.07,0.05,0.04,0.03,0.04,0.05,0.06,0.08,0.10,0.11,0.12,0.13,0.12,0.12,0.12,0.12,0.12,0.13,0.12,0.12,0.10,0.09,0.08,0.07,0.07,0.08,0.09,0.10,0.11,0.11,0.11,0.10,0.08,0.06,0.04,0.03,0.02,0.02,0.03,0.04,0.06,0.08,0.10,0.11,0.12,0.12,0.11,0.11,0.10,0.10,0.11,0.12,0.13,0.14,0.15,0.16,0.18,0.21,0.24,0.28,0.30,0.32,0.32,0.31,0.28,0.24,0.21,0.19,0.18,0.19,0.21,0.23,0.25,0.27,0.27,0.26,0.24,0.21,0.18,0.15,0.12,0.09,0.07,0.04,0.03,0.02,0.01,0.00,0.00,0.00,0.01,0.02,0.03,0.04,0.06,0.08,0.10,0.11,0.12,0.12,0.11,0.11,0.10,0.10,0.11,0.11,0.12,0.12,0.11,0.10,0.08,0.06,0.04,0.03,0.02,0.01,0.00,0.00,0.00,0.00,0.00,0.00,0.00,0.00,0.00,0.00,0.00,0.00,0.00,0.01,0.02,0.03,0.05,0.07,0.10,0.13,0.17,0.20,0.24,0.27,0.30,0.32,0.35,0.36,0.37,0.39,0.39,0.39,0.40,0.40,0.41,0.43,0.44,0.45,0.46,0.45,0.43,0.41,0.39,0.36,0.34,0.32,0.32,0.32,0.33,0.37,0.42,0.49,0.58,0.68,0.78,0.88,0.96,1.03,1.06,1.08,1.09,1.08,1.08,1.08,1.07,1.08,1.11,1.15,1.21,1.28,1.36,1.43,1.48,1.54,1.62,1.73,1.87,2.04,2.24,2.42,2.58,2.72,2.84,2.95,3.05,3.17,3.32,3.48,3.63
Deaths,"","Gelderland","Netherlands",0,52.06,5.94,2085952,1829,0.00,0.00,0.00,0.00,0.00,0.00,0.00,0.00,0.00,0.00,0.00,0.00,0.00,0.00,0.00,0.00,0.00,0.00,0.00,0.00,0.00,0.00,0.00,0.00,0.00,0.00,0.00,0.00,0.00,0.00,0.00,0.00,0.00,0.00,0.00,0.00,0.00,0.00,0.00,0.00,0.00,0.00,0.00,0.00,0.00,0.00,0.00,0.00,0.00,0.00,0.00,0.00,0.00,0.00,0.00,0.00,0.00,0.00,0.00,0.00,0.00,0.00,0.00,0.00,0.00,0.00,0.00,0.00,0.00,0.00,0.00,0.00,0.00,0.00,0.00,0.00,0.00,0.00,0.00,0.00,0.00,0.00,0.00,0.00,0.00,0.00,0.00,0.00,0.00,0.00,0.00,0.00,0.00,0.00,0.00,0.00,0.00,0.00,0.00,0.00,0.00,0.00,0.00,0.00,0.00,0.00,0.00,0.00,0.00,0.00,0.00,0.00,0.00,0.00,0.00,0.00,0.00,0.00,0.00,0.00,0.00,0.00,0.00,0.00,0.00,0.00,0.00,0.00,0.00,0.00,0.00,0.00,0.00,0.00,0.00,0.00,0.00,0.00,0.00,0.00,0.00,0.00,0.00,0.00,0.00,0.00,0.00,0.00,0.00,0.00,0.00,0.00,0.00,0.00,0.00,0.00,0.00,0.00,0.00,0.00,0.00,0.00,0.00,0.00,0.00,0.00,0.00,0.00,0.00,0.00,0.00,0.00,0.00,0.00,0.00,0.00,0.00,0.00,0.00,0.00,0.00,0.00,0.00,0.00,0.00,0.00,0.00,0.00,0.00,0.00,0.00,0.00,0.00,0.00,0.01,0.02,0.03,0.04,0.06,0.08,0.10,0.11,0.12,0.13,0.13,0.13,0.14,0.15,0.17,0.19,0.22,0.24,0.25,0.25,0.25,0.24,0.22,0.20,0.18,0.16,0.15,0.15,0.16,0.18,0.21,0.25,0.28,0.30,0.32,0.32,0.31,0.29,0.27,0.24,0.21,0.19,0.16,0.15,0.14,0.15,0.17,0.21,0.26,0.32,0.40,0.49,0.59,0.70,0.80,0.90,0.99,1.05,1.08,1.11,1.13,1.15,1.20,1.28,1.39,1.54,1.70,1.91,2.15,2.41,2.70,2.99,3.29,3.56,3.81,4.05,4.26,4.42,4.53,4.56,4.52,4.42,4.31,4.25,4.28,4.49,4.88,5.44,6.22,7.17,8.20,9.26,10.22,10.97,11.39,11.43,11.24,10.81,10.28,9.80,9.47,9.25,9.12,9.01,8.90,8.74,8.40,8.03,7.62,7.20,6.86,6.62,6.48,6.42,6.34,6.22,6.09,5.91,5.73,5.59,5.52,5.50,5.48,5.47,5.48,5.49,5.50,5.54,5.62,5.74,5.83,5.97,6.14,6.28,6.47,6.68,6.93,7.28,7.72,8.24,8.86,9.52,10.16,10.78,11.29,11.74,12.08,12.21,12.20,12.08,11.79,11.46,11.20,11.05,11.04,11.13,11.38,11.70,11.98,12.26,12.55,12.73,12.82,12.87,12.84,12.77,12.70,12.62,12.51,12.30,11.99,11.58,11.05,10.46,9.90,9.36,8.88,8.43,8.01,7.60,7.24,6.98,6.80,6.79,6.92,7.11,7.30,7.49,7.57,7.52,7.35,7.10,6.80,6.45,6.14,5.91,5.70,5.56,5.49,5.45,5.41,5.36,5.31,5.20,5.01,4.79,4.51,4.19,3.93,3.72,3.61,3.57,3.58,3.62,3.62,3.54,3.40,3.18,2.87,2.57,2.26,2.00,1.85,1.77,1.81,1.93,2.09,2.29,2.48,2.63,2.76,2.81,2.78,2.74,2.64,2.52,2.43,2.36,2.31,2.28,2.23,2.18,2.13,2.05,2.00,1.99,2.02,2.11,2.23,2.36,2.50,2.61,2.66,2.68,2.66,2.62,2.58,2.56,2.57,2.58,2.61,2.64,2.67,2.69,2.71,2.72,2.70,2.66,2.63,2.57,2.51,2.47,2.43,2.39,2.34,2.29,2.23,2.15,2.06,2.00,1.94,1.88,1.84,1.79,1.74,1.68,1.63,1.57,1.50,1.43,1.34,1.24,1.13,1.05,1.00,0.98,1.00,1.04,1.06,1.07,1.05,0.99,0.93,0.85,0.78,0.72,0.66,0.62,0.56,0.50,0.44,0.37,0.29,0.22,0.16,0.12,0.09,0.09,0.11,0.15,0.20,0.26,0.30,0.33,0.33,0.32,0.28,0.22,0.17,0.13,0.10,0.08,0.08,0.09,0.10,0.11,0.11,0.11,0.10,0.08,0.06,0.04,0.03,0.02,0.03,0.04,0.05,0.08,0.11,0.14,0.18,0.21,0.23,0.26,0.28,0.30,0.32,0.35,0.39,0.42,0.46,0.49,0.53,0.58,0.65,0.73,0.81,0.91,1.03,1.14,1.27,1.41,1.53,1.63,1.67,1.66,1.60,1.50,1.37,1.26,1.15,1.06,0.99,0.93,0.88,0.82,0.76,0.71,0.67,0.65,0.67,0.72,0.81,0.93,1.06,1.18,1.26,1.30,1.29,1.25,1.17,1.09,1.02,0.95,0.90,0.86,0.84,0.81,0.78,0.76,0.74,0.71,0.68,0.67,0.66,0.67,0.69,0.73,0.79,0.84,0.90,0.94,0.98,0.99,1.00,1.01,1.02,1.02,1.03,1.02,1.00,0.96,0.91,0.85,0.79,0.74,0.71,0.69,0.71,0.78,0.89,1.04,1.24,1.47,1.68,1.88,2.04,2.16,2.22,2.27,2.33,2.41,2.51,2.66,2.85,3.03,3.22,3.37,3.49,3.57,3.64,3.71,3.81,3.96,4.15,4.39,4.67,5.02,5.43,5.88,6.36,6.86,7.32,7.74,8.18,8.61,9.03,9.48,9.91,10.26,10.50,10.64,10.73,10.72,10.64,10.54,10.39,10.15,9.92,9.72,9.53,9.40,9.29,9.21,9.09,8.94,8.80,8.70,8.63,8.68,8.81,8.98,9.22,9.48
Deaths,"","Groningen","Netherlands",0,53.22,6.74,585865,306,0.00,0.00,0.00,0.00,0.00,0.00,0.00,0.00,0.00,0.00,0.00,0.00,0.00,0.00,0.00,0.00,0.00,0.00,0.00,0.00,0.00,0.00,0.00,0.00,0.00,0.00,0.00,0.00,0.00,0.00,0.00,0.00,0.00,0.00,0.00,0.00,0.00,0.00,0.00,0.00,0.00,0.00,0.00,0.00,0.00,0.00,0.00,0.00,0.00,0.00,0.00,0.00,0.00,0.00,0.00,0.00,0.00,0.00,0.00,0.00,0.00,0.00,0.00,0.00,0.00,0.00,0.00,0.00,0.00,0.00,0.00,0.00,0.00,0.00,0.00,0.00,0.00,0.00,0.00,0.00,0.00,0.00,0.00,0.00,0.00,0.00,0.00,0.00,0.00,0.00,0.00,0.00,0.00,0.00,0.00,0.00,0.00,0.00,0.00,0.00,0.00,0.00,0.00,0.00,0.00,0.00,0.00,0.00,0.00,0.00,0.00,0.00,0.00,0.00,0.00,0.00,0.00,0.00,0.00,0.00,0.00,0.00,0.00,0.00,0.00,0.00,0.00,0.00,0.00,0.00,0.00,0.00,0.00,0.00,0.00,0.00,0.00,0.00,0.00,0.00,0.00,0.00,0.00,0.00,0.00,0.00,0.00,0.00,0.00,0.00,0.00,0.00,0.00,0.00,0.00,0.00,0.00,0.00,0.00,0.00,0.00,0.00,0.00,0.00,0.00,0.00,0.00,0.00,0.00,0.00,0.00,0.00,0.00,0.00,0.00,0.00,0.00,0.00,0.00,0.00,0.00,0.00,0.00,0.00,0.00,0.00,0.00,0.00,0.00,0.00,0.00,0.00,0.00,0.00,0.00,0.00,0.00,0.00,0.00,0.00,0.00,0.00,0.00,0.00,0.00,0.00,0.00,0.01,0.02,0.03,0.05,0.08,0.12,0.16,0.19,0.22,0.22,0.22,0.19,0.16,0.12,0.08,0.05,0.03,0.02,0.01,0.00,0.00,0.00,0.00,0.00,0.00,0.00,0.00,0.00,0.00,0.00,0.00,0.00,0.00,0.01,0.02,0.03,0.04,0.06,0.08,0.10,0.11,0.11,0.11,0.11,0.10,0.09,0.09,0.10,0.11,0.13,0.15,0.17,0.18,0.19,0.18,0.16,0.15,0.13,0.13,0.15,0.18,0.23,0.28,0.35,0.42,0.47,0.51,0.54,0.55,0.56,0.56,0.58,0.63,0.69,0.78,0.88,0.98,1.07,1.12,1.15,1.15,1.11,1.06,0.99,0.92,0.84,0.75,0.66,0.56,0.46,0.38,0.31,0.26,0.25,0.26,0.30,0.34,0.39,0.43,0.44,0.44,0.43,0.42,0.41,0.44,0.48,0.54,0.61,0.66,0.70,0.72,0.71,0.70,0.69,0.67,0.66,0.65,0.65,0.68,0.71,0.77,0.85,0.93,1.04,1.17,1.30,1.44,1.58,1.71,1.84,1.96,2.08,2.23,2.40,2.59,2.81,3.05,3.28,3.48,3.68,3.83,3.93,3.93,3.81,3.58,3.25,2.82,2.40,2.01,1.70,1.52,1.45,1.47,1.57,1.70,1.81,1.89,1.88,1.81,1.67,1.51,1.35,1.24,1.19,1.18,1.22,1.28,1.36,1.44,1.52,1.61,1.70,1.78,1.83,1.86,1.86,1.83,1.75,1.65,1.54,1.43,1.34,1.30,1.29,1.33,1.37,1.44,1.50,1.54,1.59,1.61,1.62,1.62,1.60,1.57,1.53,1.48,1.41,1.32,1.23,1.13,1.03,0.96,0.90,0.87,0.84,0.83,0.83,0.84,0.87,0.91,0.96,0.99,1.01,0.99,0.95,0.87,0.78,0.69,0.61,0.55,0.51,0.49,0.51,0.57,0.65,0.76,0.86,0.97,1.05,1.09,1.11,1.09,1.03,0.95,0.86,0.75,0.64,0.55,0.48,0.45,0.44,0.46,0.50,0.53,0.55,0.56,0.57,0.57,0.57,0.60,0.64,0.70,0.77,0.83,0.89,0.90,0.88,0.82,0.75,0.66,0.58,0.53,0.50,0.48,0.47,0.46,0.44,0.41,0.37,0.34,0.30,0.26,0.22,0.20,0.18,0.17,0.18,0.19,0.21,0.23,0.26,0.28,0.29,0.31,0.31,0.30,0.29,0.26,0.22,0.17,0.13,0.09,0.06,0.04,0.02,0.01,0.00,0.00,0.00,0.00,0.00,0.00,0.00,0.00,0.00,0.00,0.00,0.00,0.00,0.00,0.00,0.00,0.00,0.00,0.00,0.00,0.00,0.00,0.00,0.00,0.00,0.00,0.00,0.00,0.00,0.00,0.00,0.00,0.00,0.00,0.00,0.00,0.01,0.02,0.03,0.04,0.06,0.08,0.10,0.11,0.12,0.12,0.11,0.11,0.10,0.11,0.11,0.13,0.14,0.16,0.17,0.18,0.18,0.17,0.15,0.14,0.12,0.10,0.08,0.07,0.07,0.08,0.09,0.10,0.11,0.11,0.11,0.10,0.08,0.06,0.04,0.03,0.02,0.01,0.00,0.00,0.00,0.00,0.00,0.00,0.00,0.00,0.01,0.02,0.03,0.04,0.06,0.08,0.10,0.11,0.11,0.11,0.10,0.08,0.06,0.04,0.03,0.02,0.01,0.00,0.00,0.00,0.00,0.00,0.00,0.00,0.00,0.00,0.00,0.00,0.00,0.00,0.00,0.00,0.01,0.02,0.03,0.04,0.06,0.09,0.11,0.13,0.16,0.18,0.20,0.22,0.24,0.25,0.25,0.24,0.21,0.18,0.15,0.11,0.09,0.08,0.08,0.10,0.13,0.16,0.20,0.22,0.24,0.24,0.24,0.24,0.25,0.28,0.32,0.39,0.46,0.54,0.61,0.66,0.70,0.70,0.69,0.67,0.65,0.65,0.70,0.81,0.97,1.18,1.42,1.64,1.82,1.93,2.00,2.00,1.96,1.92,1.86,1.79,1.72,1.65,1.58,1.50,1.43,1.37,1.31,1.25,1.20,1.17,1.15,1.16,1.19,1.23,1.27,1.31
Deaths,"","Limburg","Netherlands",0,51.21,5.93,1117201,1262,0.00,0.00,0.00,0.00,0.00,0.00,0.00,0.00,0.00,0.00,0.00,0.00,0.00,0.00,0.00,0.00,0.00,0.00,0.00,0.00,0.00,0.00,0.00,0.00,0.00,0.00,0.00,0.00,0.00,0.00,0.00,0.00,0.00,0.00,0.00,0.00,0.00,0.00,0.00,0.00,0.00,0.00,0.00,0.00,0.00,0.00,0.00,0.00,0.00,0.00,0.00,0.00,0.00,0.00,0.00,0.00,0.00,0.00,0.00,0.00,0.00,0.00,0.00,0.00,0.00,0.00,0.00,0.00,0.00,0.00,0.00,0.00,0.00,0.00,0.00,0.00,0.00,0.00,0.00,0.00,0.00,0.00,0.00,0.00,0.00,0.00,0.00,0.00,0.00,0.00,0.00,0.00,0.00,0.00,0.00,0.00,0.00,0.00,0.00,0.00,0.00,0.00,0.00,0.00,0.00,0.00,0.00,0.00,0.00,0.00,0.00,0.00,0.00,0.00,0.00,0.00,0.00,0.00,0.00,0.00,0.00,0.00,0.00,0.00,0.00,0.00,0.00,0.00,0.00,0.00,0.00,0.00,0.00,0.00,0.00,0.00,0.00,0.00,0.00,0.00,0.00,0.00,0.00,0.00,0.00,0.00,0.00,0.00,0.00,0.00,0.00,0.00,0.00,0.00,0.00,0.00,0.00,0.00,0.00,0.00,0.00,0.00,0.00,0.00,0.00,0.00,0.00,0.00,0.00,0.01,0.01,0.02,0.04,0.06,0.09,0.12,0.16,0.19,0.21,0.23,0.23,0.22,0.20,0.19,0.17,0.16,0.15,0.14,0.13,0.12,0.10,0.08,0.06,0.04,0.03,0.02,0.01,0.00,0.00,0.00,0.00,0.00,0.00,0.00,0.00,0.01,0.02,0.03,0.04,0.06,0.08,0.10,0.12,0.13,0.14,0.14,0.14,0.14,0.15,0.15,0.16,0.16,0.16,0.16,0.17,0.17,0.17,0.17,0.17,0.16,0.16,0.16,0.16,0.16,0.16,0.17,0.18,0.20,0.22,0.23,0.24,0.24,0.24,0.23,0.22,0.23,0.24,0.27,0.31,0.36,0.42,0.47,0.52,0.57,0.60,0.62,0.64,0.66,0.66,0.67,0.67,0.68,0.70,0.72,0.75,0.79,0.83,0.88,0.91,0.97,1.04,1.14,1.26,1.41,1.56,1.68,1.76,1.80,1.81,1.79,1.79,1.83,1.91,2.03,2.19,2.36,2.50,2.60,2.63,2.63,2.61,2.58,2.60,2.65,2.71,2.77,2.80,2.77,2.73,2.64,2.58,2.56,2.57,2.64,2.76,2.90,3.05,3.20,3.34,3.48,3.55,3.58,3.60,3.56,3.49,3.42,3.35,3.26,3.19,3.13,3.10,3.13,3.21,3.33,3.46,3.57,3.66,3.72,3.72,3.77,3.87,4.04,4.30,4.64,5.03,5.40,5.69,5.92,6.06,6.11,6.22,6.34,6.59,7.10,7.79,8.71,9.86,11.04,12.19,13.06,13.48,13.59,13.18,12.40,11.56,10.66,9.81,9.19,8.66,8.28,8.00,7.72,7.56,7.40,7.24,7.15,7.02,6.84,6.66,6.43,6.17,5.91,5.68,5.48,5.33,5.21,5.10,5.01,4.95,4.92,4.90,4.96,5.07,5.22,5.36,5.52,5.65,5.65,5.55,5.40,5.17,4.89,4.65,4.45,4.31,4.19,4.11,4.06,4.01,3.95,3.91,3.86,3.81,3.77,3.74,3.75,3.77,3.82,3.85,3.84,3.79,3.64,3.44,3.21,2.99,2.80,2.69,2.65,2.66,2.70,2.73,2.76,2.73,2.67,2.57,2.44,2.30,2.15,2.00,1.87,1.79,1.74,1.73,1.74,1.78,1.80,1.79,1.75,1.71,1.64,1.57,1.53,1.53,1.57,1.65,1.79,1.96,2.16,2.36,2.57,2.76,2.89,2.99,3.04,3.02,2.95,2.86,2.76,2.66,2.58,2.53,2.49,2.46,2.44,2.42,2.40,2.39,2.38,2.37,2.34,2.31,2.26,2.20,2.14,2.07,2.01,1.97,1.94,1.93,1.91,1.89,1.86,1.80,1.74,1.66,1.58,1.51,1.45,1.41,1.36,1.31,1.25,1.19,1.13,1.10,1.09,1.10,1.12,1.15,1.16,1.14,1.09,1.01,0.90,0.79,0.68,0.59,0.52,0.47,0.46,0.46,0.46,0.46,0.46,0.44,0.42,0.38,0.34,0.30,0.25,0.21,0.17,0.13,0.10,0.07,0.05,0.05,0.04,0.05,0.06,0.08,0.10,0.11,0.11,0.11,0.10,0.08,0.06,0.04,0.03,0.02,0.01,0.02,0.03,0.05,0.08,0.12,0.18,0.24,0.31,0.37,0.43,0.49,0.52,0.56,0.58,0.59,0.60,0.61,0.61,0.61,0.59,0.57,0.53,0.49,0.44,0.41,0.38,0.37,0.37,0.37,0.37,0.37,0.37,0.38,0.39,0.42,0.47,0.55,0.65,0.78,0.92,1.06,1.17,1.22,1.25,1.20,1.11,1.00,0.88,0.75,0.65,0.55,0.47,0.41,0.35,0.32,0.31,0.32,0.35,0.41,0.48,0.54,0.58,0.60,0.59,0.55,0.49,0.45,0.41,0.40,0.43,0.50,0.59,0.69,0.77,0.84,0.89,0.89,0.88,0.86,0.84,0.81,0.78,0.74,0.70,0.65,0.62,0.60,0.59,0.62,0.66,0.74,0.85,0.99,1.15,1.32,1.50,1.68,1.84,2.00,2.18,2.32,2.45,2.58,2.69,2.79,2.89,3.00,3.12,3.21,3.29,3.35,3.36,3.34,3.34,3.34,3.37,3.45,3.55,3.68,3.84,4.06,4.31,4.63,5.00,5.41,5.77,6.06,6.30,6.43,6.47,6.46,6.45,6.39,6.38,6.38,6.43,6.52,6.65,6.84,7.05,7.27,7.52,7.74,7.89,8.00,7.99,7.84,7.57,7.24,6.85,6.46,6.11,5.82,5.56,5.33,5.13
Deaths,"","Noord-Brabant","Netherlands",0,51.56,5.18,2562955,1959,0.00,0.00,0.00,0.00,0.00,0.00,0.00,0.00,0.00,0.00,0.00,0.00,0.00,0.00,0.00,0.00,0.00,0.00,0.00,0.00,0.00,0.00,0.00,0.00,0.00,0.00,0.00,0.00,0.00,0.00,0.00,0.00,0.00,0.00,0.00,0.00,0.00,0.00,0.00,0.00,0.00,0.00,0.00,0.00,0.00,0.00,0.00,0.00,0.00,0.00,0.00,0.00,0.00,0.00,0.00,0.00,0.00,0.00,0.00,0.00,0.00,0.00,0.00,0.00,0.00,0.00,0.00,0.00,0.00,0.00,0.00,0.00,0.00,0.00,0.00,0.00,0.00,0.00,0.00,0.00,0.00,0.00,0.00,0.00,0.00,0.00,0.00,0.00,0.00,0.00,0.00,0.00,0.00,0.00,0.00,0.00,0.00,0.00,0.00,0.00,0.00,0.00,0.00,0.00,0.00,0.00,0.00,0.00,0.00,0.00,0.00,0.00,0.00,0.00,0.00,0.00,0.00,0.00,0.00,0.00,0.00,0.00,0.00,0.00,0.00,0.00,0.00,0.00,0.00,0.00,0.00,0.00,0.00,0.00,0.00,0.00,0.00,0.00,0.00,0.00,0.00,0.00,0.00,0.00,0.00,0.00,0.00,0.00,0.00,0.00,0.00,0.00,0.00,0.00,0.00,0.00,0.00,0.00,0.00,0.00,0.00,0.00,0.00,0.00,0.00,0.00,0.00,0.00,0.00,0.00,0.00,0.00,0.00,0.00,0.00,0.00,0.00,0.00,0.00,0.01,0.02,0.03,0.04,0.06,0.08,0.11,0.13,0.14,0.16,0.18,0.20,0.23,0.27,0.32,0.37,0.43,0.48,0.52,0.55,0.57,0.58,0.58,0.57,0.57,0.56,0.55,0.53,0.50,0.47,0.42,0.37,0.32,0.27,0.22,0.19,0.15,0.13,0.13,0.14,0.18,0.22,0.28,0.33,0.37,0.39,0.39,0.37,0.33,0.27,0.22,0.17,0.13,0.10,0.08,0.07,0.08,0.10,0.12,0.16,0.20,0.25,0.32,0.40,0.50,0.60,0.70,0.79,0.86,0.92,0.97,1.01,1.05,1.10,1.18,1.30,1.45,1.64,1.87,2.09,2.31,2.53,2.71,2.89,3.07,3.25,3.44,3.63,3.85,4.08,4.33,4.65,5.03,5.47,5.96,6.51,7.10,7.76,8.44,9.18,9.95,10.65,11.22,11.66,11.98,12.15,12.23,12.30,12.47,12.69,12.95,13.31,13.69,13.96,14.07,14.01,13.70,13.18,12.48,11.74,10.97,10.21,9.51,8.92,8.39,7.97,7.72,7.58,7.54,7.58,7.69,7.78,7.88,7.94,7.98,7.96,7.87,7.78,7.71,7.70,7.86,8.15,8.59,9.17,9.79,10.45,11.13,11.73,12.26,12.67,12.93,13.07,13.06,12.99,12.91,12.78,12.60,12.39,12.13,11.80,11.49,11.23,11.04,10.89,10.80,10.75,10.75,10.79,10.94,11.14,11.35,11.50,11.49,11.36,11.07,10.70,10.30,9.92,9.57,9.34,9.16,9.07,9.09,9.12,9.14,9.12,9.00,8.79,8.54,8.27,8.06,7.88,7.75,7.67,7.60,7.55,7.58,7.67,7.80,7.99,8.17,8.31,8.38,8.40,8.37,8.32,8.29,8.29,8.30,8.35,8.39,8.40,8.37,8.25,8.07,7.79,7.44,7.09,6.71,6.32,5.95,5.61,5.28,4.98,4.72,4.52,4.35,4.23,4.19,4.18,4.22,4.33,4.46,4.57,4.66,4.69,4.65,4.53,4.37,4.20,4.05,3.91,3.84,3.81,3.80,3.82,3.81,3.77,3.70,3.56,3.38,3.18,2.96,2.77,2.62,2.50,2.43,2.41,2.42,2.46,2.53,2.61,2.71,2.80,2.88,2.91,2.89,2.82,2.71,2.58,2.44,2.31,2.19,2.09,2.01,1.94,1.89,1.86,1.86,1.89,1.92,1.96,1.99,2.02,2.04,2.06,2.10,2.16,2.23,2.31,2.38,2.43,2.44,2.37,2.28,2.14,1.97,1.83,1.71,1.65,1.65,1.67,1.73,1.78,1.78,1.77,1.72,1.63,1.54,1.45,1.37,1.30,1.22,1.16,1.10,1.04,0.99,0.95,0.91,0.85,0.79,0.72,0.64,0.56,0.50,0.46,0.43,0.42,0.42,0.42,0.42,0.41,0.39,0.37,0.36,0.34,0.33,0.32,0.30,0.29,0.27,0.25,0.23,0.21,0.19,0.18,0.16,0.14,0.13,0.11,0.08,0.06,0.04,0.03,0.02,0.01,0.01,0.01,0.02,0.04,0.06,0.09,0.13,0.17,0.22,0.26,0.29,0.31,0.32,0.32,0.31,0.30,0.29,0.28,0.27,0.26,0.25,0.23,0.22,0.21,0.22,0.24,0.27,0.32,0.37,0.41,0.44,0.44,0.43,0.40,0.38,0.36,0.35,0.37,0.38,0.39,0.40,0.41,0.41,0.43,0.45,0.48,0.51,0.52,0.54,0.54,0.53,0.54,0.55,0.57,0.59,0.61,0.61,0.61,0.59,0.57,0.55,0.53,0.52,0.52,0.53,0.55,0.58,0.61,0.63,0.64,0.63,0.60,0.56,0.51,0.47,0.43,0.40,0.38,0.38,0.37,0.35,0.33,0.30,0.27,0.24,0.24,0.25,0.29,0.36,0.45,0.56,0.68,0.78,0.84,0.88,0.89,0.88,0.88,0.90,0.94,1.00,1.07,1.12,1.16,1.17,1.16,1.17,1.17,1.19,1.26,1.35,1.48,1.65,1.85,2.08,2.30,2.52,2.71,2.88,3.03,3.17,3.32,3.47,3.61,3.74,3.84,3.92,3.99,4.05,4.11,4.22,4.36,4.54,4.76,5.04,5.41,5.82,6.28,6.79,7.30,7.76,8.15,8.43,8.60,8.67,8.64,8.58,8.55,8.48,8.43,8.40,8.32,8.26,8.17,8.08,8.02,7.94,7.82,7.73,7.60,7.45,7.33,7.20
Deaths,"","Noord-Holland","Netherlands",0,52.60,4.92,2879527,2211,0.00,0.00,0.00,0.00,0.00,0.00,0.00,0.00,0.00,0.00,0.00,0.00,0.00,0.00,0.00,0.00,0.00,0.00,0.00,0.00,0.00,0.00,0.00,0.00,0.00,0.00,0.00,0.00,0.00,0.00,0.00,0.00,0.00,0.00,0.00,0.00,0.00,0.00,0.00,0.00,0.00,0.00,0.00,0.00,0.00,0.00,0.00,0.00,0.00,0.00,0.00,0.00,0.00,0.00,0.00,0.00,0.00,0.00,0.00,0.00,0.00,0.00,0.00,0.00,0.00,0.00,0.00,0.00,0.00,0.00,0.00,0.00,0.00,0.00,0.00,0.00,0.00,0.00,0.00,0.00,0.00,0.00,0.00,0.00,0.00,0.00,0.00,0.00,0.00,0.00,0.00,0.00,0.00,0.00,0.00,0.00,0.00,0.00,0.00,0.00,0.00,0.00,0.00,0.00,0.00,0.00,0.00,0.00,0.00,0.00,0.00,0.00,0.00,0.00,0.00,0.00,0.00,0.00,0.00,0.00,0.00,0.00,0.00,0.00,0.00,0.00,0.00,0.00,0.00,0.00,0.00,0.00,0.00,0.00,0.00,0.00,0.00,0.00,0.00,0.00,0.00,0.00,0.00,0.00,0.00,0.00,0.00,0.00,0.00,0.00,0.00,0.00,0.00,0.00,0.00,0.00,0.00,0.00,0.00,0.00,0.00,0.00,0.00,0.00,0.00,0.00,0.00,-0.00,-0.01,-0.02,-0.03,-0.06,-0.10,-0.15,-0.21,-0.27,-0.32,-0.34,-0.33,-0.30,-0.23,-0.16,-0.09,-0.03,0.01,0.03,0.03,0.03,0.02,0.02,0.01,0.01,0.02,0.03,0.05,0.07,0.11,0.15,0.21,0.27,0.34,0.41,0.49,0.55,0.60,0.63,0.64,0.63,0.61,0.58,0.54,0.51,0.48,0.46,0.45,0.44,0.44,0.45,0.46,0.47,0.47,0.48,0.47,0.46,0.44,0.41,0.37,0.34,0.33,0.34,0.37,0.44,0.52,0.62,0.72,0.82,0.90,0.97,1.03,1.09,1.16,1.23,1.33,1.46,1.60,1.76,1.91,2.04,2.16,2.26,2.34,2.40,2.47,2.54,2.62,2.73,2.86,3.03,3.21,3.37,3.54,3.66,3.75,3.80,3.82,3.81,3.79,3.78,3.84,3.99,4.23,4.60,5.08,5.62,6.19,6.78,7.31,7.81,8.21,8.49,8.70,8.84,8.96,9.09,9.32,9.63,10.02,10.37,10.71,10.96,11.07,11.03,10.91,10.69,10.42,10.09,9.74,9.45,9.12,8.86,8.63,8.43,8.28,8.16,8.06,8.05,8.03,8.01,7.97,7.83,7.66,7.44,7.21,7.01,6.91,6.88,6.95,7.10,7.35,7.70,8.09,8.50,8.95,9.37,9.76,10.19,10.62,10.99,11.27,11.47,11.55,11.58,11.57,11.64,11.77,11.91,12.05,12.22,12.41,12.66,13.04,13.51,14.08,14.67,15.15,15.53,15.90,16.19,16.42,16.62,16.76,16.76,16.56,16.17,15.70,15.07,14.31,13.52,12.72,11.86,11.03,10.29,9.68,9.19,8.83,8.60,8.49,8.48,8.56,8.71,8.90,9.09,9.22,9.22,9.09,8.90,8.63,8.33,8.15,8.11,8.19,8.40,8.69,9.05,9.40,9.71,10.03,10.35,10.61,10.84,10.97,10.98,10.84,10.55,10.16,9.74,9.29,8.84,8.39,7.94,7.43,6.91,6.38,5.89,5.47,5.12,4.89,4.73,4.62,4.58,4.58,4.59,4.61,4.63,4.64,4.63,4.58,4.56,4.52,4.47,4.43,4.40,4.39,4.44,4.56,4.76,5.04,5.38,5.72,6.01,6.20,6.30,6.24,6.05,5.79,5.46,5.11,4.80,4.56,4.40,4.31,4.27,4.23,4.14,4.03,3.86,3.63,3.40,3.17,2.97,2.78,2.62,2.51,2.44,2.37,2.33,2.32,2.31,2.33,2.35,2.40,2.45,2.50,2.53,2.57,2.65,2.74,2.89,3.11,3.38,3.69,4.01,4.29,4.51,4.58,4.47,4.25,3.88,3.42,2.97,2.58,2.27,2.07,1.94,1.90,1.90,1.89,1.89,1.87,1.83,1.78,1.73,1.70,1.72,1.78,1.89,2.03,2.15,2.26,2.32,2.31,2.24,2.12,1.96,1.78,1.58,1.38,1.20,1.02,0.86,0.75,0.66,0.60,0.56,0.52,0.50,0.47,0.44,0.41,0.38,0.34,0.32,0.31,0.29,0.29,0.28,0.28,0.28,0.28,0.28,0.29,0.30,0.32,0.34,0.37,0.41,0.46,0.53,0.59,0.65,0.68,0.68,0.66,0.62,0.58,0.56,0.57,0.60,0.68,0.78,0.90,1.03,1.14,1.23,1.28,1.28,1.26,1.24,1.22,1.21,1.22,1.25,1.27,1.27,1.25,1.23,1.19,1.15,1.13,1.13,1.17,1.24,1.36,1.51,1.67,1.83,1.96,2.06,2.12,2.13,2.10,2.06,2.01,1.97,1.95,1.95,1.94,1.91,1.88,1.82,1.74,1.65,1.58,1.49,1.43,1.37,1.31,1.27,1.21,1.18,1.16,1.13,1.12,1.10,1.07,1.04,0.99,0.93,0.87,0.80,0.72,0.65,0.59,0.55,0.53,0.52,0.55,0.57,0.59,0.61,0.62,0.62,0.61,0.61,0.61,0.64,0.69,0.77,0.87,0.96,1.04,1.11,1.13,1.13,1.11,1.07,1.04,1.01,0.98,0.95,0.93,0.91,0.88,0.86,0.88,0.92,0.99,1.13,1.31,1.52,1.77,2.01,2.27,2.48,2.65,2.80,2.87,2.87,2.86,2.82,2.81,2.89,3.02,3.27,3.58,3.88,4.22,4.52,4.77,5.00,5.21,5.37,5.52,5.63,5.72,5.82,5.93,6.08,6.28,6.52,6.78,7.08,7.39,7.72,8.08,8.44,8.76,9.01,9.17,9.24,9.20,9.10,8.96,8.78,8.59,8.36,8.13,7.90
Deaths,"","Overijssel","Netherlands",0,52.44,6.44,1162406,997,0.00,0.00,0.00,0.00,0.00,0.00,0.00,0.00,0.00,0.00,0.00,0.00,0.00,0.00,0.00,0.00,0.00,0.00,0.00,0.00,0.00,0.00,0.00,0.00,0.00,0.00,0.00,0.00,0.00,0.00,0.00,0.00,0.00,0.00,0.00,0.00,0.00,0.00,0.00,0.00,0.00,0.00,0.00,0.00,0.00,0.00,0.00,0.00,0.00,0.00,0.00,0.00,0.00,0.00,0.00,0.00,0.00,0.00,0.00,0.00,0.00,0.00,0.00,0.00,0.00,0.00,0.00,0.00,0.00,0.00,0.00,0.00,0.00,0.00,0.00,0.00,0.00,0.00,0.00,0.00,0.00,0.00,0.00,0.00,0.00,0.00,0.00,0.00,0.00,0.00,0.00,0.00,0.00,0.00,0.00,0.00,0.00,0.00,0.00,0.00,0.00,0.00,0.00,0.00,0.00,0.00,0.00,0.00,0.00,0.00,0.00,0.00,0.00,0.00,0.00,0.00,0.00,0.00,0.00,0.00,0.00,0.00,0.00,0.00,0.00,0.00,0.00,0.00,0.00,0.00,0.00,0.00,0.00,0.00,0.00,0.00,0.00,0.00,0.00,0.00,0.00,0.00,0.00,0.00,0.00,0.00,0.00,0.00,0.00,0.00,0.00,0.00,0.00,0.00,0.00,0.00,0.00,0.00,0.00,0.00,0.00,0.00,0.00,0.00,0.00,0.00,0.00,0.00,0.00,0.00,0.00,0.00,0.00,0.00,0.00,0.00,0.00,0.00,0.00,0.00,0.00,0.00,0.00,0.00,0.00,0.00,0.00,0.00,0.00,0.00,0.00,0.00,0.00,0.00,0.00,0.00,0.00,0.00,0.00,0.00,0.00,0.00,0.00,0.01,0.02,0.03,0.04,0.06,0.09,0.11,0.14,0.17,0.19,0.22,0.24,0.25,0.26,0.25,0.23,0.20,0.16,0.12,0.08,0.05,0.03,0.02,0.01,0.00,0.00,0.00,0.00,0.00,0.00,0.00,0.00,0.00,0.01,0.03,0.10,0.20,0.36,0.63,0.99,1.44,1.95,2.45,2.87,3.13,3.16,3.03,2.71,2.28,1.86,1.47,1.17,0.96,0.85,0.82,0.86,0.93,1.06,1.20,1.34,1.46,1.55,1.64,1.71,1.81,1.94,2.08,2.28,2.45,2.60,2.72,2.79,2.84,2.89,2.95,3.05,3.17,3.29,3.44,3.58,3.74,3.94,4.18,4.43,4.69,4.92,5.09,5.20,5.25,5.27,5.24,5.17,5.09,5.01,4.91,4.82,4.73,4.62,4.49,4.31,4.10,3.90,3.70,3.56,3.49,3.45,3.45,3.45,3.43,3.42,3.38,3.32,3.27,3.20,3.11,3.05,2.98,2.93,2.90,2.89,2.89,2.88,2.88,2.92,2.98,3.09,3.26,3.51,3.84,4.26,4.78,5.33,5.88,6.42,6.88,7.26,7.62,7.90,8.16,8.38,8.58,8.81,9.06,9.40,9.83,10.30,10.77,11.21,11.51,11.65,11.64,11.54,11.34,11.04,10.73,10.38,9.95,9.49,9.00,8.46,7.87,7.29,6.73,6.24,5.83,5.56,5.40,5.32,5.30,5.31,5.30,5.23,5.15,5.02,4.84,4.59,4.34,4.06,3.78,3.52,3.32,3.17,3.07,3.00,2.97,2.97,2.97,2.98,2.99,3.00,3.00,2.98,2.95,2.92,2.83,2.67,2.46,2.19,1.86,1.52,1.19,0.91,0.69,0.54,0.48,0.50,0.56,0.69,0.83,0.98,1.12,1.22,1.30,1.36,1.40,1.44,1.48,1.52,1.58,1.65,1.72,1.80,1.86,1.87,1.85,1.77,1.63,1.47,1.28,1.10,0.94,0.81,0.71,0.66,0.64,0.67,0.75,0.85,0.97,1.10,1.24,1.37,1.51,1.63,1.74,1.82,1.84,1.81,1.73,1.61,1.46,1.31,1.17,1.06,0.96,0.90,0.86,0.85,0.85,0.86,0.86,0.87,0.88,0.88,0.89,0.89,0.88,0.87,0.83,0.79,0.75,0.72,0.72,0.73,0.75,0.78,0.79,0.79,0.79,0.78,0.78,0.78,0.78,0.78,0.78,0.75,0.72,0.67,0.62,0.58,0.55,0.54,0.55,0.58,0.60,0.61,0.60,0.57,0.51,0.45,0.39,0.34,0.31,0.30,0.32,0.35,0.38,0.41,0.42,0.41,0.38,0.33,0.26,0.20,0.14,0.10,0.07,0.05,0.06,0.08,0.10,0.14,0.18,0.21,0.22,0.22,0.21,0.18,0.14,0.10,0.07,0.04,0.02,0.01,0.01,0.01,0.01,0.03,0.05,0.09,0.13,0.19,0.25,0.31,0.36,0.39,0.40,0.39,0.35,0.31,0.27,0.22,0.19,0.17,0.15,0.14,0.13,0.12,0.11,0.11,0.10,0.11,0.13,0.16,0.19,0.22,0.24,0.25,0.26,0.26,0.26,0.27,0.28,0.29,0.29,0.29,0.29,0.27,0.26,0.24,0.23,0.22,0.21,0.22,0.23,0.25,0.28,0.31,0.36,0.40,0.43,0.46,0.46,0.45,0.44,0.41,0.39,0.38,0.37,0.37,0.38,0.40,0.43,0.46,0.51,0.56,0.59,0.59,0.58,0.55,0.50,0.44,0.40,0.37,0.34,0.31,0.28,0.26,0.21,0.17,0.14,0.11,0.10,0.09,0.10,0.11,0.13,0.14,0.16,0.17,0.19,0.22,0.26,0.31,0.38,0.47,0.58,0.71,0.86,1.02,1.17,1.30,1.42,1.51,1.59,1.64,1.68,1.72,1.74,1.78,1.81,1.87,1.92,1.99,2.06,2.12,2.18,2.22,2.28,2.33,2.40,2.48,2.57,2.67,2.79,2.90,3.01,3.07,3.08,3.03,2.91,2.76,2.62,2.53,2.49,2.50,2.58,2.68,2.78,2.91,3.05,3.18,3.28,3.33,3.33,3.25,3.11,2.99,2.88,2.79,2.75,2.75,2.77,2.78,2.79
Deaths,"","Sint Maarten","Netherlands",0,18.04,-63.05,42882,75,0.00,0.00,0.00,0.00,0.00,0.00,0.00,0.00,0.00,0.00,0.00,0.00,0.00,0.00,0.00,0.00,0.00,0.00,0.00,0.00,0.00,0.00,0.00,0.00,0.00,0.00,0.00,0.00,0.00,0.00,0.00,0.00,0.00,0.00,0.00,0.00,0.00,0.00,0.00,0.00,0.00,0.00,0.00,0.00,0.00,0.00,0.00,0.00,0.00,0.00,0.00,0.00,0.00,0.00,0.00,0.00,0.00,0.00,0.00,0.00,0.00,0.00,0.01,0.02,0.04,0.08,0.13,0.19,0.27,0.37,0.46,0.55,0.63,0.68,0.70,0.70,0.68,0.65,0.59,0.53,0.46,0.40,0.33,0.27,0.24,0.22,0.23,0.25,0.28,0.32,0.35,0.36,0.36,0.35,0.31,0.27,0.23,0.19,0.15,0.13,0.12,0.13,0.14,0.16,0.18,0.19,0.19,0.19,0.17,0.15,0.12,0.10,0.07,0.05,0.03,0.02,0.01,0.00,0.00,0.00,0.00,0.00,0.00,0.00,0.00,0.00,0.00,0.00,0.00,0.00,0.00,0.00,0.00,0.00,0.00,0.00,0.00,0.00,0.00,0.00,0.00,0.00,0.00,0.00,0.00,0.00,0.00,0.00,0.00,0.00,0.00,0.00,0.00,0.00,0.00,0.00,0.00,0.00,0.00,0.00,0.00,0.00,0.00,0.00,0.00,0.00,0.00,0.00,0.00,0.00,0.00,0.00,0.00,0.00,0.00,0.00,0.00,0.00,0.00,0.00,0.00,0.00,0.00,0.00,0.00,0.01,0.02,0.03,0.04,0.06,0.08,0.11,0.13,0.14,0.15,0.16,0.16,0.16,0.15,0.14,0.13,0.11,0.08,0.06,0.04,0.03,0.02,0.01,0.00,0.00,0.00,0.00,0.00,0.00,0.01,0.02,0.03,0.05,0.08,0.12,0.16,0.19,0.22,0.22,0.22,0.19,0.16,0.12,0.08,0.05,0.03,0.02,0.02,0.02,0.03,0.04,0.07,0.09,0.12,0.15,0.18,0.21,0.24,0.26,0.27,0.26,0.25,0.22,0.18,0.14,0.10,0.07,0.04,0.02,0.01,0.01,0.00,0.00,0.00,0.00,0.00,0.00,0.00,0.00,0.00,0.00,0.00,0.00,0.00,0.00,0.00,0.00,0.00,0.00,0.00,0.00,0.00,0.00,0.00,0.00,0.01,0.02,0.03,0.04,0.06,0.08,0.10,0.11,0.12,0.13,0.12,0.12,0.12,0.12,0.13,0.13,0.14,0.14,0.14,0.14,0.14,0.14,0.14,0.13,0.12,0.10,0.08,0.06,0.05,0.04,0.03,0.04,0.05,0.06,0.08,0.10,0.11,0.11,0.11,0.10,0.08,0.06,0.04,0.03,0.02,0.01,0.00,0.00,0.00,0.00,0.00,0.00,0.00,0.01,0.02,0.03,0.04,0.06,0.08,0.10,0.11,0.11,0.11,0.10,0.08,0.06,0.04,0.03,0.02,0.01,0.00,0.00,0.00,0.00,0.00,0.00,0.00,0.00,0.00,0.00,0.00,0.00,0.00,0.00,0.00,0.00,0.00,0.00,0.00,0.00,0.00,0.00,0.00,0.00,0.00,0.00,0.00,0.00,0.00,0.00,0.00,0.00,0.00,0.00,0.00,0.00,0.00,0.00,0.00,0.00,0.00,0.00,0.00,0.00,0.00,0.00,0.00,0.00,0.00,0.00,0.00,0.00,0.00,0.00,0.00,0.00,0.00,0.00,0.00,0.00,0.00,0.00,0.00,0.00,0.00,0.00,0.00,0.00,0.00,0.00,0.00,0.00,0.00,0.00,0.00,0.00,0.00,0.00,0.00,0.00,0.00,0.00,0.00,0.00,0.00,0.00,0.00,0.00,0.00,0.00,0.00,0.00,0.00,0.00,0.00,0.00,0.00,0.00,0.00,0.00,0.00,0.00,0.00,0.00,0.00,0.00,0.00,0.00,0.00,0.00,0.00,0.00,0.00,0.00,0.00,0.00,0.00,0.00,0.00,0.00,0.00,0.00,0.00,0.00,0.00,0.00,0.00,0.00,0.00,0.00,0.01,0.02,0.03,0.04,0.06,0.08,0.10,0.11,0.11,0.11,0.10,0.08,0.06,0.05,0.05,0.05,0.07,0.10,0.14,0.19,0.23,0.28,0.31,0.33,0.34,0.33,0.31,0.28,0.25,0.21,0.18,0.14,0.12,0.10,0.09,0.09,0.10,0.11,0.11,0.11,0.11,0.10,0.08,0.06,0.05,0.04,0.04,0.05,0.06,0.08,0.10,0.11,0.11,0.11,0.10,0.08,0.06,0.04,0.03,0.02,0.01,0.00,0.00,0.00,0.00,0.00,0.00,0.00,0.00,0.00,0.00,0.00,0.00,0.00,0.00,0.00,0.01,0.01,0.03,0.06,0.10,0.17,0.25,0.34,0.45,0.54,0.61,0.66,0.68,0.66,0.62,0.58,0.53,0.48,0.45,0.44,0.46,0.50,0.57,0.67,0.77,0.86,0.95,1.02,1.07,1.11,1.12,1.10,1.05,0.96,0.84,0.70,0.55,0.42,0.30,0.22,0.17,0.15,0.16,0.18,0.22,0.26,0.29,0.32,0.36,0.39,0.42,0.46,0.50,0.54,0.58,0.61,0.63,0.62,0.59,0.54,0.49,0.43,0.39,0.35,0.33,0.31,0.30,0.30,0.29,0.30,0.31,0.33,0.35,0.38,0.42,0.46,0.49,0.53,0.55,0.54,0.52,0.47,0.40,0.31,0.23,0.16,0.10,0.06,0.03,0.02,0.01,0.00,0.00,0.00,0.00,0.00,0.00,0.00,0.00,0.00,0.00,0.00,0.00,0.00,0.00,0.00,0.00,0.00,0.00,0.00,0.00,0.00,0.00,0.00,0.00,0.00,0.00,0.00,0.00,0.00,0.00,0.00,0.00,0.00,0.00,0.00,0.00,0.00,0.00,0.00,0.00,0.00,0.00,0.00,0.00,0.00,0.00,0.00,0.00,0.00,0.00,0.00
Deaths,"","Unknown","Netherlands",0,-999.00,-999.00,-1,0,0.00,0.00,0.00,0.00,0.00,0.00,0.00,0.00,0.00,0.00,0.00,0.00,0.00,0.00,0.00,0.00,0.00,0.00,0.00,0.00,0.00,0.00,0.00,0.00,0.00,0.00,0.00,0.00,0.00,0.00,0.00,0.00,0.00,0.00,0.00,0.00,0.00,0.00,0.00,0.00,0.00,0.00,0.00,0.00,0.00,0.00,0.00,0.00,0.00,0.00,0.00,0.00,0.00,0.00,0.00,0.00,0.00,0.00,0.00,0.00,0.00,0.00,0.00,0.00,0.00,0.00,0.00,0.00,0.00,0.00,0.00,0.00,0.00,0.00,0.00,0.00,0.00,0.00,0.00,0.00,0.00,0.00,0.00,0.00,0.00,0.00,0.00,0.00,0.00,0.00,0.00,0.00,0.00,0.00,0.00,0.00,0.00,0.00,0.00,0.00,0.00,0.00,0.00,0.00,0.00,0.00,0.00,0.00,0.00,0.00,0.00,0.00,0.00,0.00,0.00,0.00,0.00,0.00,0.00,0.00,0.00,0.00,0.00,0.00,0.00,0.00,0.00,0.00,0.00,0.00,0.00,0.00,0.00,0.00,0.00,0.00,0.00,0.00,0.00,0.00,0.00,0.00,0.00,0.00,0.00,0.00,0.00,0.00,0.00,0.00,0.00,0.00,0.00,0.00,0.00,0.00,0.00,0.00,0.00,0.00,0.00,0.00,0.00,0.00,0.00,0.00,0.00,0.00,0.00,0.00,0.00,0.00,0.00,0.00,0.00,0.00,0.00,0.00,0.00,0.00,0.00,0.00,0.00,0.00,0.00,0.00,0.00,0.00,0.00,0.00,0.00,0.00,0.00,0.00,0.00,0.00,0.00,0.00,0.00,0.00,0.00,0.00,0.00,0.00,0.00,0.00,0.00,0.00,0.00,0.00,0.00,0.00,0.00,0.00,0.00,0.00,0.00,0.00,0.00,0.00,0.00,0.00,0.00,0.00,0.00,0.00,0.00,0.00,0.00,0.00,0.00,0.00,0.00,0.00,0.00,0.00,0.00,0.00,0.00,0.00,0.01,0.05,0.06,0.12,0.22,0.30,0.39,0.46,0.47,0.41,0.25,0.04,-0.13,-0.34,-0.45,-0.47,-0.42,-0.34,-0.23,-0.13,-0.02,0.04,0.08,0.14,0.17,0.20,0.23,0.26,0.29,0.32,0.34,0.35,0.36,0.35,0.32,0.30,0.27,0.26,0.26,0.28,0.31,0.34,0.36,0.37,0.35,0.31,0.26,0.20,0.14,0.08,0.03,-0.02,-0.05,-0.07,-0.08,-0.07,-0.05,-0.01,0.03,0.08,0.11,0.14,0.16,0.17,0.18,0.17,0.16,0.15,0.12,0.10,0.08,0.05,0.04,0.04,0.06,0.09,0.15,0.22,0.29,0.37,0.43,0.47,0.48,0.46,0.42,0.37,0.30,0.22,0.15,0.09,0.04,-0.01,-0.04,-0.06,-0.07,-0.06,-0.03,0.02,0.08,0.15,0.23,0.23,0.20,0.11,-0.10,-0.40,-0.79,-1.24,-1.70,-2.13,-2.43,-2.52,-2.49,-2.27,-1.91,-1.51,-1.12,-0.79,-0.53,-0.33,-0.23,-0.18,-0.14,-0.13,-0.13,-0.13,-0.10,-0.07,-0.03,0.01,0.06,0.11,0.15,0.17,0.20,0.21,0.21,0.18,0.14,0.09,0.04,-0.02,-0.07,-0.10,-0.12,-0.12,-0.11,-0.09,-0.06,-0.04,-0.03,-0.01,0.01,0.02,0.04,0.06,0.08,0.10,0.11,0.11,0.11,0.10,0.08,0.06,0.04,0.03,0.02,0.01,0.00,0.00,0.00,0.00,0.00,0.00,0.00,0.00,0.00,0.00,0.00,0.00,0.00,0.00,0.01,0.02,0.04,0.06,0.09,0.12,0.16,0.19,0.21,0.22,0.21,0.19,0.16,0.13,0.09,0.07,0.05,0.04,0.04,0.03,0.02,0.01,-0.02,-0.05,-0.08,-0.10,-0.10,-0.09,-0.06,-0.02,0.01,0.05,0.08,0.09,0.10,0.11,0.12,0.12,0.13,0.12,0.11,0.10,0.08,0.06,0.04,0.03,0.02,0.01,0.00,0.00,0.00,0.00,0.00,0.00,0.00,0.00,0.00,0.00,0.00,0.00,0.00,0.00,0.00,0.00,0.00,0.00,0.00,0.00,0.00,0.00,0.00,0.00,0.00,0.00,0.01,0.02,0.03,0.04,0.06,0.08,0.10,0.11,0.11,0.11,0.10,0.08,0.06,0.04,0.03,0.02,0.01,0.00,0.00,0.00,0.00,0.00,0.00,0.00,0.00,0.00,0.00,0.00,0.00,0.00,0.00,0.00,0.00,0.00,0.00,0.00,0.00,0.00,0.00,0.00,0.00,0.00,0.00,0.00,0.00,0.00,0.00,0.00,0.00,0.00,0.00,0.00,0.00,0.00,0.00,0.00,0.00,0.00,0.00,0.00,0.00,0.00,0.00,0.00,0.00,0.00,0.00,0.00,0.00,0.00,0.00,0.00,0.00,0.00,0.00,0.00,0.00,0.00,0.00,0.00,0.00,0.00,0.00,0.00,0.00,0.00,0.00,0.00,0.00,0.00,0.00,0.00,0.00,-0.00,-0.00,-0.00,-0.01,-0.01,-0.02,-0.02,-0.02,-0.02,-0.01,-0.00,0.00,0.01,0.02,0.02,0.02,0.02,0.01,0.01,0.00,0.00,0.00,0.00,0.00,0.00,0.00,0.00,0.00,0.00,0.00,0.00,0.00,0.00,0.00,0.00,0.00,0.00,0.00,0.01,0.02,0.03,0.04,0.06,0.07,0.08,0.08,0.07,0.05,0.02,-0.02,-0.05,-0.07,-0.07,-0.07,-0.05,-0.02,0.00,0.03,0.04,0.04,0.03,0.01,-0.01,-0.03,-0.05,-0.06,-0.05,-0.04,-0.03,-0.02,-0.01,-0.01,-0.00,-0.00,0.00,0.00,0.00,0.00,0.00,0.00,0.00,0.00,0.00,0.00,0.00,0.00,0.00,0.01,0.01,0.02,0.04,0.07,0.10,0.14,0.18,0.21,0.24,0.25,0.25,0.24,0.24,0.23,0.23,0.23,0.24,0.24,0.25,0.26,0.27
Deaths,"","Utrecht","Netherlands",0,52.08,5.16,1354834,1000,0.00,0.00,0.00,0.00,0.00,0.00,0.00,0.00,0.00,0.00,0.00,0.00,0.00,0.00,0.00,0.00,0.00,0.00,0.00,0.00,0.00,0.00,0.00,0.00,0.00,0.00,0.00,0.00,0.00,0.00,0.00,0.00,0.00,0.00,0.00,0.00,0.00,0.00,0.00,0.00,0.00,0.00,0.00,0.00,0.00,0.00,0.00,0.00,0.00,0.00,0.00,0.00,0.00,0.00,0.00,0.00,0.00,0.00,0.00,0.00,0.00,0.00,0.00,0.00,0.00,0.00,0.00,0.00,0.00,0.00,0.00,0.00,0.00,0.00,0.00,0.00,0.00,0.00,0.00,0.00,0.00,0.00,0.00,0.00,0.00,0.00,0.00,0.00,0.00,0.00,0.00,0.00,0.00,0.00,0.00,0.00,0.00,0.00,0.00,0.00,0.00,0.00,0.00,0.00,0.00,0.00,0.00,0.00,0.00,0.00,0.00,0.00,0.00,0.00,0.00,0.00,0.00,0.00,0.00,0.00,0.00,0.00,0.00,0.00,0.00,0.00,0.00,0.00,0.00,0.00,0.00,0.00,0.00,0.00,0.00,0.00,0.00,0.00,0.00,0.00,0.00,0.00,0.00,0.00,0.00,0.00,0.00,0.00,0.00,0.00,0.00,0.00,0.00,0.00,0.00,0.00,0.00,0.00,0.00,0.00,0.00,0.00,0.00,0.00,0.00,0.00,0.00,0.00,0.00,0.00,0.00,0.00,0.00,0.00,0.00,0.00,0.00,0.00,0.00,0.00,0.01,0.02,0.03,0.04,0.06,0.08,0.10,0.12,0.14,0.15,0.17,0.18,0.20,0.22,0.23,0.24,0.23,0.21,0.18,0.14,0.10,0.07,0.04,0.02,0.01,0.01,0.00,0.00,0.00,0.01,0.02,0.04,0.07,0.11,0.15,0.21,0.26,0.32,0.36,0.39,0.40,0.39,0.37,0.34,0.31,0.27,0.24,0.20,0.16,0.13,0.10,0.07,0.05,0.03,0.03,0.03,0.04,0.08,0.14,0.21,0.30,0.40,0.49,0.55,0.56,0.56,0.52,0.47,0.45,0.47,0.54,0.66,0.83,1.03,1.21,1.34,1.45,1.49,1.47,1.42,1.37,1.31,1.24,1.20,1.18,1.17,1.17,1.19,1.25,1.33,1.44,1.61,1.81,2.06,2.33,2.63,2.98,3.35,3.74,4.16,4.58,4.98,5.37,5.75,6.12,6.46,6.75,7.02,7.23,7.32,7.35,7.30,7.15,6.92,6.64,6.31,5.95,5.58,5.26,4.97,4.71,4.50,4.35,4.25,4.20,4.26,4.36,4.53,4.73,4.93,5.11,5.26,5.39,5.51,5.61,5.71,5.82,5.85,5.84,5.77,5.63,5.41,5.16,4.91,4.71,4.57,4.52,4.59,4.74,4.95,5.21,5.50,5.78,6.02,6.22,6.35,6.44,6.48,6.50,6.54,6.64,6.75,6.86,6.98,7.07,7.14,7.16,7.16,7.16,7.09,6.94,6.78,6.57,6.38,6.25,6.18,6.18,6.18,6.08,5.88,5.53,5.04,4.48,3.92,3.42,3.05,2.80,2.70,2.72,2.82,2.98,3.13,3.28,3.39,3.45,3.46,3.44,3.34,3.24,3.16,3.13,3.22,3.44,3.77,4.19,4.59,4.90,5.12,5.21,5.20,5.13,5.04,4.93,4.79,4.60,4.38,4.16,3.93,3.73,3.59,3.51,3.45,3.43,3.44,3.45,3.48,3.46,3.44,3.41,3.31,3.19,3.06,2.88,2.67,2.43,2.16,1.90,1.62,1.37,1.17,1.01,0.89,0.83,0.80,0.81,0.83,0.86,0.91,0.98,1.04,1.13,1.24,1.34,1.45,1.55,1.64,1.72,1.78,1.82,1.84,1.81,1.77,1.69,1.61,1.53,1.47,1.44,1.45,1.48,1.55,1.65,1.76,1.87,1.94,1.99,1.98,1.93,1.85,1.75,1.67,1.61,1.58,1.60,1.65,1.72,1.81,1.91,1.97,2.00,1.98,1.90,1.76,1.60,1.42,1.24,1.10,0.99,0.93,0.91,0.92,0.95,0.97,0.95,0.91,0.84,0.75,0.65,0.56,0.51,0.49,0.49,0.52,0.54,0.56,0.56,0.56,0.54,0.52,0.51,0.50,0.48,0.47,0.45,0.41,0.36,0.30,0.23,0.17,0.11,0.07,0.04,0.02,0.01,0.00,0.00,0.00,0.00,0.00,0.00,0.00,0.00,0.00,0.00,0.00,0.00,0.00,0.01,0.02,0.03,0.04,0.06,0.08,0.10,0.11,0.11,0.11,0.10,0.09,0.08,0.07,0.07,0.08,0.09,0.11,0.12,0.13,0.14,0.16,0.17,0.18,0.20,0.22,0.24,0.25,0.26,0.27,0.28,0.30,0.33,0.37,0.41,0.46,0.49,0.51,0.52,0.50,0.47,0.43,0.37,0.32,0.27,0.24,0.23,0.23,0.25,0.29,0.33,0.37,0.40,0.43,0.44,0.44,0.43,0.42,0.40,0.39,0.38,0.38,0.39,0.40,0.41,0.42,0.42,0.41,0.39,0.36,0.32,0.28,0.25,0.23,0.23,0.25,0.28,0.30,0.32,0.34,0.33,0.31,0.29,0.26,0.23,0.20,0.17,0.15,0.13,0.10,0.09,0.09,0.09,0.10,0.11,0.12,0.12,0.13,0.13,0.13,0.13,0.14,0.15,0.17,0.19,0.21,0.23,0.25,0.29,0.33,0.39,0.47,0.56,0.66,0.75,0.83,0.89,0.91,0.90,0.88,0.84,0.82,0.81,0.84,0.89,0.96,1.02,1.07,1.09,1.08,1.04,0.96,0.88,0.80,0.73,0.70,0.71,0.77,0.89,1.01,1.18,1.35,1.49,1.63,1.75,1.85,1.94,2.01,2.07,2.11,2.11,2.09,2.09,2.09,2.17,2.34,2.63,3.02,3.44,3.90,4.33,4.64,4.83,4.91,4.87,4.76,4.61,4.47,4.36,4.28,4.24,4.24
Deaths,"","Zeeland","Netherlands",0,51.48,3.86,383488,222,0.00,0.00,0.00,0.00,0.00,0.00,0.00,0.00,0.00,0.00,0.00,0.00,0.00,0.00,0.00,0.00,0.00,0.00,0.00,0.00,0.00,0.00,0.00,0.00,0.00,0.00,0.00,0.00,0.00,0.00,0.00,0.00,0.00,0.00,0.00,0.00,0.00,0.00,0.00,0.00,0.00,0.00,0.00,0.00,0.00,0.00,0.00,0.00,0.00,0.00,0.00,0.00,0.00,0.00,0.00,0.00,0.00,0.00,0.00,0.00,0.00,0.00,0.00,0.00,0.00,0.00,0.00,0.00,0.00,0.00,0.00,0.00,0.00,0.00,0.00,0.00,0.00,0.00,0.00,0.00,0.00,0.00,0.00,0.00,0.00,0.00,0.00,0.00,0.00,0.00,0.00,0.00,0.00,0.00,0.00,0.00,0.00,0.00,0.00,0.00,0.00,0.00,0.00,0.00,0.00,0.00,0.00,0.00,0.00,0.00,0.00,0.00,0.00,0.00,0.00,0.00,0.00,0.00,0.00,0.00,0.00,0.00,0.00,0.00,0.00,0.00,0.00,0.00,0.00,0.00,0.00,0.00,0.00,0.00,0.00,0.00,0.00,0.00,0.00,0.00,0.00,0.00,0.00,0.00,0.00,0.00,0.00,0.00,0.00,0.00,0.00,0.00,0.00,0.00,0.00,0.00,0.00,0.00,0.00,0.00,0.00,0.00,0.00,0.00,0.00,0.00,0.00,0.00,0.00,0.00,0.00,0.00,0.00,0.00,0.00,0.00,0.00,0.00,0.00,0.00,0.00,0.00,0.00,0.00,0.00,0.00,0.00,0.00,0.00,0.00,0.00,0.00,0.00,0.00,0.00,0.00,0.00,0.00,0.00,0.00,0.00,0.00,0.00,0.00,0.00,0.00,0.00,0.01,0.02,0.03,0.06,0.10,0.14,0.20,0.26,0.30,0.33,0.33,0.32,0.27,0.22,0.16,0.11,0.07,0.04,0.02,0.01,0.00,0.00,0.00,0.00,0.00,0.00,0.00,0.00,0.00,0.00,0.00,0.00,0.00,0.00,0.00,0.00,0.00,0.00,0.00,0.00,0.00,0.00,0.00,0.00,0.00,0.00,0.00,0.00,0.01,0.02,0.03,0.06,0.11,0.17,0.25,0.34,0.42,0.49,0.54,0.56,0.55,0.51,0.46,0.40,0.35,0.31,0.28,0.26,0.26,0.27,0.28,0.29,0.31,0.31,0.31,0.31,0.30,0.30,0.30,0.29,0.28,0.27,0.25,0.26,0.28,0.32,0.40,0.52,0.67,0.84,1.02,1.18,1.30,1.35,1.36,1.30,1.20,1.10,0.99,0.90,0.82,0.75,0.68,0.62,0.57,0.53,0.49,0.46,0.42,0.38,0.33,0.29,0.26,0.24,0.25,0.27,0.33,0.41,0.51,0.63,0.75,0.86,0.96,1.03,1.05,1.05,1.02,0.96,0.91,0.88,0.88,0.93,1.00,1.12,1.24,1.35,1.42,1.44,1.41,1.35,1.27,1.18,1.12,1.09,1.09,1.10,1.14,1.18,1.22,1.24,1.25,1.25,1.23,1.19,1.14,1.06,0.98,0.90,0.82,0.78,0.76,0.76,0.79,0.81,0.82,0.80,0.74,0.67,0.59,0.50,0.45,0.43,0.43,0.48,0.54,0.62,0.70,0.77,0.84,0.87,0.88,0.89,0.87,0.84,0.81,0.79,0.79,0.80,0.84,0.89,0.93,0.94,0.93,0.90,0.85,0.79,0.76,0.78,0.83,0.92,1.06,1.25,1.46,1.68,1.88,2.06,2.15,2.15,2.09,1.94,1.74,1.53,1.31,1.14,1.02,0.97,1.00,1.10,1.22,1.37,1.47,1.51,1.48,1.38,1.22,1.03,0.85,0.69,0.57,0.48,0.45,0.47,0.53,0.61,0.70,0.77,0.79,0.78,0.72,0.64,0.55,0.46,0.39,0.35,0.33,0.33,0.34,0.35,0.35,0.33,0.30,0.25,0.21,0.16,0.13,0.11,0.11,0.12,0.16,0.20,0.25,0.30,0.36,0.42,0.48,0.53,0.59,0.61,0.60,0.58,0.51,0.43,0.36,0.32,0.30,0.33,0.38,0.45,0.52,0.55,0.56,0.54,0.49,0.42,0.36,0.31,0.27,0.24,0.23,0.22,0.20,0.19,0.18,0.17,0.16,0.15,0.14,0.14,0.13,0.12,0.10,0.08,0.06,0.04,0.03,0.02,0.01,0.00,0.00,0.00,0.00,0.00,0.00,0.00,0.00,0.00,0.00,0.00,0.00,0.00,0.00,0.00,0.00,0.00,0.00,0.00,0.00,0.00,0.00,0.00,0.00,0.00,0.00,0.01,0.01,0.02,0.04,0.07,0.10,0.14,0.18,0.21,0.22,0.22,0.21,0.18,0.14,0.10,0.07,0.04,0.02,0.01,0.01,0.00,0.00,0.00,0.00,0.00,0.01,0.02,0.03,0.04,0.06,0.08,0.10,0.12,0.14,0.15,0.17,0.18,0.20,0.22,0.23,0.24,0.23,0.21,0.18,0.14,0.10,0.07,0.04,0.02,0.01,0.01,0.00,0.00,0.01,0.02,0.03,0.04,0.06,0.08,0.10,0.12,0.12,0.13,0.15,0.16,0.19,0.22,0.27,0.31,0.34,0.36,0.36,0.33,0.30,0.26,0.22,0.19,0.16,0.13,0.11,0.09,0.06,0.05,0.04,0.03,0.04,0.05,0.06,0.08,0.10,0.11,0.11,0.11,0.10,0.08,0.06,0.05,0.04,0.05,0.06,0.09,0.13,0.17,0.21,0.25,0.28,0.30,0.32,0.32,0.33,0.34,0.35,0.36,0.35,0.35,0.35,0.35,0.36,0.38,0.40,0.43,0.46,0.48,0.48,0.48,0.47,0.46,0.45,0.45,0.46,0.48,0.50,0.52,0.57,0.62,0.70,0.81,0.93,1.06,1.17,1.23,1.26,1.24,1.18,1.11,1.04,0.96,0.87,0.78,0.70,0.63,0.55,0.50,0.46,0.42,0.39,0.37,0.36
Deaths,"","Zuid-Holland","Netherlands",0,51.94,4.46,3708696,3471,0.00,0.00,0.00,0.00,0.00,0.00,0.00,0.00,0.00,0.00,0.00,0.00,0.00,0.00,0.00,0.00,0.00,0.00,0.00,0.00,0.00,0.00,0.00,0.00,0.00,0.00,0.00,0.00,0.00,0.00,0.00,0.00,0.00,0.00,0.00,0.00,0.00,0.00,0.00,0.00,0.00,0.00,0.00,0.00,0.00,0.00,0.00,0.00,0.00,0.00,0.00,0.00,0.00,0.00,0.00,0.00,0.00,0.00,0.00,0.00,0.00,0.00,0.00,0.00,0.00,0.00,0.00,0.00,0.00,0.00,0.00,0.00,0.00,0.00,0.00,0.00,0.00,0.00,0.00,0.00,0.00,0.00,0.00,0.00,0.00,0.00,0.00,0.00,0.00,0.00,0.00,0.00,0.00,0.00,0.00,0.00,0.00,0.00,0.00,0.00,0.00,0.00,0.00,0.00,0.00,0.00,0.00,0.00,0.00,0.00,0.00,0.00,0.00,0.00,0.00,0.00,0.00,0.00,0.00,0.00,0.00,0.00,0.00,0.00,0.00,0.00,0.00,0.00,0.00,0.00,0.00,0.00,0.00,0.00,0.00,0.00,0.00,0.00,0.00,0.00,0.00,0.00,0.00,0.00,0.00,0.00,0.00,0.00,0.00,0.00,0.00,0.00,0.00,0.00,0.00,0.00,0.00,0.00,0.00,0.00,0.00,0.00,0.00,0.00,0.00,0.00,0.00,0.00,0.00,0.00,0.00,-0.00,0.00,0.00,0.00,0.01,0.02,0.03,0.06,0.10,0.15,0.21,0.27,0.33,0.39,0.44,0.49,0.52,0.52,0.51,0.48,0.44,0.39,0.35,0.31,0.28,0.25,0.25,0.27,0.30,0.35,0.44,0.55,0.69,0.87,1.09,1.34,1.62,1.91,2.18,2.36,2.45,2.43,2.31,2.11,1.87,1.63,1.42,1.24,1.09,0.98,0.90,0.84,0.80,0.78,0.77,0.75,0.74,0.74,0.73,0.74,0.74,0.77,0.82,0.89,0.99,1.12,1.30,1.49,1.69,1.89,2.13,2.38,2.66,2.96,3.29,3.58,3.81,4.01,4.16,4.25,4.31,4.36,4.44,4.54,4.66,4.86,5.10,5.35,5.65,5.95,6.21,6.49,6.75,7.02,7.30,7.66,8.08,8.63,9.33,10.16,11.09,12.04,12.94,13.76,14.44,15.03,15.63,16.16,16.71,17.37,18.09,18.89,19.87,20.92,21.94,22.68,23.11,23.13,22.62,21.78,20.86,19.94,19.17,18.61,18.31,18.25,18.23,18.37,18.60,18.91,19.30,19.78,20.41,21.15,21.84,22.37,22.65,22.51,21.91,20.81,19.51,18.08,16.61,15.30,14.25,13.39,12.82,12.52,12.50,12.75,13.12,13.54,13.96,14.29,14.56,14.86,15.16,15.53,15.92,16.16,16.21,16.21,15.98,15.69,15.48,15.39,15.48,15.71,16.08,16.60,17.04,17.28,17.45,17.40,17.17,17.04,17.02,17.17,17.56,18.12,18.80,19.53,20.18,20.80,21.22,21.28,21.05,20.54,19.84,19.18,18.74,18.60,18.72,19.01,19.32,19.48,19.46,19.26,18.89,18.43,17.93,17.41,16.88,16.29,15.76,15.23,14.65,14.13,13.63,13.17,12.79,12.48,12.27,12.13,11.98,11.89,11.78,11.71,11.73,11.80,11.94,12.11,12.24,12.36,12.45,12.51,12.57,12.61,12.62,12.57,12.37,12.13,11.81,11.43,11.04,10.67,10.36,10.08,9.81,9.64,9.50,9.35,9.19,9.05,8.96,8.92,8.98,9.12,9.30,9.41,9.38,9.16,8.78,8.26,7.66,7.07,6.50,5.99,5.53,5.14,4.84,4.62,4.46,4.37,4.31,4.29,4.29,4.31,4.39,4.52,4.71,4.91,5.13,5.33,5.44,5.45,5.36,5.17,4.94,4.68,4.45,4.28,4.16,4.10,4.09,4.10,4.13,4.15,4.16,4.18,4.22,4.29,4.39,4.53,4.70,4.88,5.01,5.10,5.12,5.05,4.90,4.71,4.51,4.29,4.09,3.92,3.78,3.69,3.64,3.63,3.68,3.74,3.80,3.85,3.87,3.86,3.82,3.73,3.64,3.51,3.34,3.14,2.92,2.68,2.42,2.17,1.94,1.73,1.53,1.36,1.22,1.10,0.99,0.89,0.78,0.67,0.55,0.45,0.35,0.27,0.21,0.18,0.18,0.21,0.27,0.36,0.47,0.58,0.69,0.80,0.91,1.00,1.09,1.16,1.22,1.23,1.19,1.13,1.04,0.93,0.84,0.77,0.73,0.70,0.68,0.69,0.69,0.68,0.70,0.71,0.73,0.76,0.79,0.81,0.81,0.79,0.74,0.68,0.60,0.54,0.49,0.47,0.47,0.52,0.60,0.73,0.89,1.07,1.24,1.39,1.47,1.50,1.48,1.42,1.36,1.30,1.27,1.26,1.26,1.26,1.29,1.31,1.33,1.36,1.40,1.43,1.44,1.43,1.40,1.32,1.21,1.08,0.92,0.77,0.63,0.52,0.44,0.40,0.38,0.39,0.41,0.46,0.52,0.60,0.71,0.84,0.97,1.12,1.26,1.40,1.53,1.64,1.74,1.81,1.85,1.88,1.86,1.80,1.71,1.57,1.41,1.25,1.09,0.96,0.86,0.78,0.73,0.69,0.66,0.63,0.61,0.58,0.57,0.57,0.60,0.65,0.73,0.84,0.95,1.06,1.16,1.24,1.30,1.35,1.40,1.43,1.47,1.53,1.58,1.66,1.77,1.92,2.10,2.31,2.55,2.83,3.12,3.44,3.81,4.19,4.57,4.93,5.26,5.52,5.69,5.76,5.75,5.68,5.52,5.35,5.21,5.08,5.02,5.00,5.04,5.20,5.39,5.70,6.17,6.69,7.32,7.94,8.49,8.97,9.25,9.33,9.32,9.16,8.94,8.78,8.68,8.75,8.93,9.20,9.53,9.79,9.92,9.92,9.77,9.55,9.28,9.04,8.87,8.71,8.60,8.51,8.40
