DataType,Admin2,Admin1,Admin0,Population,CaseCount,Day 0,Day 1,Day 2,Day 3,Day 4,Day 5,Day 6,Day 7,Day 8,Day 9,Day 10,Day 11,Day 12,Day 13,Day 14,Day 15,Day 16,Day 17,Day 18,Day 19,Day 20,Day 21,Day 22,Day 23,Day 24,Day 25,Day 26,Day 27,Day 28,Day 29,Day 30,Day 31,Day 32,Day 33,Day 34,Day 35,Day 36,Day 37,Day 38,Day 39,Day 40,Day 41,Day 42,Day 43,Day 44,Day 45,Day 46,Day 47,Day 48,Day 49,Day 50,Day 51,Day 52,Day 53,Day 54,Day 55,Day 56,Day 57,Day 58,Day 59,Day 60,Day 61,Day 62,Day 63,Day 64,Day 65,Day 66,Day 67,Day 68,Day 69,Day 70,Day 71,Day 72,Day 73,Day 74,Day 75,Day 76,Day 77,Day 78,Day 79,Day 80,Day 81,Day 82,Day 83,Day 84,Day 85,Day 86,Day 87,Day 88,Day 89,Day 90,Day 91,Day 92,Day 93,Day 94,Day 95,Day 96,Day 97,Day 98,Day 99,Day 100,Day 101,Day 102,Day 103,Day 104,Day 105,Day 106,Day 107,Day 108,Day 109,Day 110,Day 111,Day 112,Day 113,Day 114,Day 115,Day 116,Day 117,Day 118,Day 119,Day 120,Day 121,Day 122,Day 123,Day 124,Day 125,Day 126,Day 127,Day 128,Day 129,Day 130,Day 131,Day 132,Day 133,Day 134,Day 135,Day 136,Day 137,Day 138,Day 139,Day 140,Day 141,Day 142,Day 143,Day 144,Day 145,Day 146,Day 147,Day 148,Day 149,Day 150,Day 151,Day 152,Day 153,Day 154,Day 155,Day 156,Day 157,Day 158,Day 159,Day 160,Day 161,Day 162,Day 163,Day 164,Day 165,Day 166,Day 167,Day 168,Day 169,Day 170,Day 171,Day 172,Day 173,Day 174,Day 175,Day 176,Day 177,Day 178,Day 179,Day 180,Day 181,Day 182,Day 183,Day 184,Day 185,Day 186,Day 187,Day 188,Day 189,Day 190,Day 191,Day 192,Day 193,Day 194,Day 195,Day 196,Day 197,Day 198,Day 199,Day 200,Day 201,Day 202,Day 203,Day 204,Day 205,Day 206,Day 207,Day 208,Day 209,Day 210,Day 211,Day 212,Day 213,Day 214,Day 215,Day 216,Day 217,Day 218,Day 219,Day 220,Day 221,Day 222,Day 223,Day 224,Day 225,Day 226,Day 227,Day 228,Day 229,Day 230,Day 231,Day 232,Day 233,Day 234,Day 235,Day 236,Day 237,Day 238,Day 239,Day 240,Day 241,Day 242,Day 243,Day 244,Day 245,Day 246,Day 247,Day 248,Day 249,Day 250,Day 251,Day 252,Day 253,Day 254,Day 255,Day 256,Day 257,Day 258,Day 259,Day 260,Day 261,Day 262,Day 263,Day 264,Day 265,Day 266,Day 267,Day 268,Day 269,Day 270,Day 271,Day 272,Day 273,Day 274,Day 275,Day 276,Day 277,Day 278,Day 279,Day 280,Day 281,Day 282,Day 283,Day 284,Day 285,Day 286,Day 287,Day 288,Day 289,Day 290,Day 291,Day 292,Day 293,Day 294,Day 295,Day 296,Day 297,Day 298,Day 299,Day 300,Day 301,Day 302,Day 303,Day 304,Day 305,Day 306,Day 307,Day 308,Day 309,Day 310,Day 311,Day 312,Day 313,Day 314,Day 315,Day 316,Day 317,Day 318,Day 319,Day 320,Day 321,Day 322,Day 323,Day 324,Day 325,Day 326,Day 327,Day 328,Day 329,Day 330,Day 331,Day 332,Day 333,Day 334,Day 335,Day 336,Day 337,Day 338,Day 339,Day 340,Day 341,Day 342,Day 343,Day 344,Day 345,Day 346,Day 347,Day 348,Day 349,Day 350,Day 351,Day 352,Day 353,Day 354,Day 355,Day 356,Day 357,Day 358,Day 359,Day 360,Day 361,Day 362,Day 363,Day 364,Day 365,Day 366,Day 367,Day 368,Day 369,Day 370,Day 371,Day 372,Day 373,Day 374,Day 375,Day 376,Day 377,Day 378,Day 379,Day 380,Day 381,Day 382,Day 383,Day 384,Day 385,Day 386,Day 387,Day 388,Day 389,Day 390,Day 391,Day 392,Day 393,Day 394,Day 395,Day 396,Day 397,Day 398,Day 399,Day 400,Day 401,Day 402,Day 403,Day 404,Day 405,Day 406,Day 407,Day 408,Day 409,Day 410,Day 411,Day 412,Day 413,Day 414,Day 415,Day 416,Day 417,Day 418,Day 419,Day 420,Day 421,Day 422,Day 423,Day 424,Day 425,Day 426,Day 427,Day 428,Day 429,Day 430,Day 431,Day 432,Day 433,Day 434,Day 435,Day 436,Day 437,Day 438,Day 439,Day 440,Day 441,Day 442,Day 443,Day 444,Day 445,Day 446,Day 447,Day 448,Day 449,Day 450,Day 451,Day 452,Day 453,Day 454,Day 455,Day 456,Day 457,Day 458,Day 459,Day 460,Day 461,Day 462,Day 463,Day 464,Day 465,Day 466,Day 467,Day 468,Day 469,Day 470,Day 471,Day 472,Day 473,Day 474,Day 475,Day 476,Day 477,Day 478,Day 479,Day 480,Day 481,Day 482,Day 483,Day 484,Day 485,Day 486,Day 487,Day 488,Day 489,Day 490,Day 491,Day 492,Day 493,Day 494,Day 495,Day 496,Day 497,Day 498,Day 499,Day 500,Day 501,Day 502,Day 503,Day 504,Day 505,Day 506,Day 507,Day 508,Day 509,Day 510,Day 511,Day 512,Day 513,Day 514,Day 515,Day 516,Day 517,Day 518,Day 519,Day 520,Day 521,Day 522,Day 523,Day 524,Day 525,Day 526,Day 527,Day 528,Day 529,Day 530,Day 531,Day 532,Day 533,Day 534,Day 535,Day 536,Day 537,Day 538,Day 539,Day 540,Day 541,Day 542,Day 543,Day 544,Day 545,Day 546,Day 547,Day 548,Day 549,Day 550,Day 551,Day 552,Day 553,Day 554,Day 555,Day 556,Day 557,Day 558,Day 559,Day 560,Day 561,Day 562,Day 563,Day 564,Day 565,Day 566,Day 567,Day 568,Day 569,Day 570,Day 571,Day 572,Day 573,Day 574,Day 575,Day 576,Day 577,Day 578,Day 579,Day 580,Day 581,Day 582,Day 583,Day 584,Day 585,Day 586,Day 587,Day 588,Day 589,Day 590,Day 591,Day 592,Day 593,Day 594,Day 595,Day 596,Day 597,Day 598,Day 599,Day 600,Day 601,Day 602,Day 603,Day 604,Day 605,Day 606,Day 607,Day 608,Day 609,Day 610,Day 611,Day 612,Day 613,Day 614,Day 615,Day 616,Day 617,Day 618,Day 619,Day 620,Day 621,Day 622,Day 623,Day 624,Day 625,Day 626,Day 627,Day 628,Day 629,Day 630,Day 631,Day 632,Day 633,Day 634,Day 635,Day 636,Day 637,Day 638,Day 639,Day 640,Day 641,Day 642,Day 643,Day 644,Day 645,Day 646,Day 647,Day 648,Day 649,Day 650,Day 651,Day 652,Day 653,Day 654,Day 655,Day 656,Day 657,Day 658
Confirmed,"","Anguilla","United Kingdom",15002,1077,0.00,0.00,0.00,0.00,0.00,0.00,0.00,0.00,0.00,0.00,0.00,0.00,0.00,0.00,0.00,0.00,0.00,0.00,0.00,0.00,0.00,0.00,0.00,0.00,0.00,0.00,0.00,0.00,0.00,0.00,0.00,0.00,0.00,0.00,0.00,0.00,0.00,0.00,0.00,0.00,0.00,0.00,0.00,0.00,0.00,0.00,0.00,0.00,0.00,0.00,0.00,0.00,0.00,0.00,0.00,0.00,0.00,0.01,0.02,0.03,0.05,0.09,0.12,0.17,0.21,0.25,0.27,0.28,0.27,0.26,0.23,0.20,0.16,0.13,0.10,0.07,0.05,0.03,0.02,0.01,0.00,0.00,0.00,0.00,0.00,0.00,0.00,0.00,0.00,0.00,0.00,0.00,0.00,0.00,0.00,0.00,0.00,0.00,0.00,0.00,0.00,0.00,0.00,0.00,0.00,0.00,0.00,0.00,0.00,0.00,0.00,0.00,0.00,0.00,0.00,0.00,0.00,0.00,0.00,0.00,0.00,0.00,0.00,0.00,0.00,0.00,0.00,0.00,0.00,0.00,0.00,0.00,0.00,0.00,0.00,0.00,0.00,0.00,0.00,0.00,0.00,0.00,0.00,0.00,0.00,0.00,0.00,0.00,0.00,0.00,0.00,0.00,0.00,0.00,0.00,0.00,0.00,0.00,0.00,0.00,0.00,0.00,0.00,0.00,0.00,0.00,0.00,0.00,0.00,0.00,0.00,0.00,0.00,0.00,0.00,0.00,0.00,0.00,0.00,0.00,0.00,0.00,0.00,0.00,0.00,0.00,0.00,0.00,0.00,0.00,0.00,0.00,0.00,0.00,0.00,0.00,0.00,0.00,0.00,0.00,0.00,0.00,0.00,0.00,0.00,0.00,0.00,0.00,0.00,0.00,0.00,0.00,0.00,0.00,0.00,0.00,0.00,0.00,0.00,0.00,0.00,0.00,0.00,0.00,0.00,0.00,0.00,0.00,0.00,0.00,0.00,0.00,0.00,0.00,0.00,0.00,0.00,0.00,0.00,0.00,0.00,0.00,0.00,0.00,0.00,0.00,0.00,0.00,0.00,0.00,0.00,0.00,0.00,0.00,0.00,0.00,0.00,0.00,0.00,0.00,0.00,0.00,0.00,0.00,0.00,0.00,0.00,0.00,0.00,0.00,0.00,0.00,0.00,0.00,0.00,0.00,0.00,0.00,0.00,0.00,0.00,0.00,0.00,0.00,0.00,0.00,0.00,0.00,0.00,0.00,0.00,0.00,0.00,0.00,0.00,0.00,0.00,0.00,0.01,0.02,0.03,0.04,0.06,0.08,0.11,0.13,0.14,0.17,0.19,0.21,0.24,0.28,0.31,0.35,0.39,0.42,0.45,0.47,0.48,0.48,0.45,0.40,0.34,0.27,0.20,0.14,0.09,0.06,0.04,0.04,0.05,0.07,0.10,0.13,0.17,0.20,0.23,0.26,0.28,0.29,0.29,0.29,0.29,0.29,0.28,0.28,0.28,0.26,0.24,0.20,0.16,0.12,0.08,0.05,0.03,0.02,0.01,0.00,0.00,0.00,0.00,0.00,0.01,0.02,0.03,0.04,0.06,0.08,0.10,0.12,0.13,0.14,0.14,0.14,0.14,0.14,0.14,0.14,0.14,0.14,0.14,0.14,0.14,0.14,0.13,0.12,0.10,0.08,0.06,0.04,0.03,0.02,0.01,0.00,0.00,0.00,0.00,0.00,0.00,0.00,0.00,0.00,0.00,0.00,0.00,0.00,0.01,0.01,0.02,0.05,0.08,0.13,0.18,0.24,0.30,0.34,0.36,0.37,0.35,0.32,0.28,0.24,0.19,0.16,0.13,0.12,0.11,0.12,0.15,0.20,0.25,0.30,0.33,0.34,0.33,0.29,0.24,0.18,0.13,0.08,0.05,0.03,0.03,0.04,0.06,0.11,0.17,0.24,0.37,0.50,0.71,1.01,1.42,2.01,2.76,3.65,4.63,5.52,6.18,6.57,6.51,6.10,5.40,4.51,3.60,2.77,2.06,1.57,1.26,1.10,1.13,1.20,1.33,1.45,1.50,1.44,1.33,1.14,0.90,0.66,0.45,0.29,0.17,0.08,0.04,0.02,0.00,0.00,0.00,0.00,0.00,0.00,0.00,0.00,0.00,0.00,0.00,0.00,0.00,0.00,0.00,0.00,0.00,0.00,0.00,0.00,0.00,0.00,0.00,0.00,0.00,0.00,0.00,0.00,0.00,0.00,0.00,0.00,0.00,0.01,0.02,0.03,0.05,0.08,0.12,0.16,0.19,0.22,0.22,0.22,0.19,0.16,0.12,0.09,0.07,0.06,0.07,0.08,0.11,0.14,0.17,0.19,0.21,0.21,0.19,0.17,0.14,0.11,0.08,0.05,0.03,0.02,0.01,0.00,0.00,0.00,0.00,0.00,0.03,0.06,0.11,0.22,0.40,0.63,0.92,1.30,1.70,2.11,2.49,2.87,3.23,3.56,3.88,4.19,4.44,4.63,4.81,4.91,5.02,5.22,5.44,5.75,6.14,6.63,7.22,7.83,8.49,9.21,9.73,9.99,10.05,9.72,9.08,8.19,7.20,6.18,5.23,4.37,3.77,3.32,2.99,2.90,2.89,2.97,3.18,3.45,3.82,4.28,4.77,5.36,5.94,6.53,7.10,7.58,8.02,8.45,8.76,9.17,9.79,10.57,11.69,13.00,14.57,16.18,17.45,18.56,19.33,19.56,19.35,18.92,18.20,17.44,16.69,16.30,16.14,16.21,16.50,16.96,17.38,17.62,17.99,18.32,18.58,18.63,18.80,18.63,18.24,17.67,17.12,16.58,15.90,15.24,14.66,14.07,13.36,12.88,12.62,12.60,12.66
Confirmed,"","Bermuda","United Kingdom",62273,5688,0.00,0.00,0.00,0.00,0.00,0.00,0.00,0.00,0.00,0.00,0.00,0.00,0.00,0.00,0.00,0.00,0.00,0.00,0.00,0.00,0.00,0.00,0.00,0.00,0.00,0.00,0.00,0.00,0.00,0.00,0.00,0.00,0.00,0.00,0.00,0.00,0.00,0.00,0.00,0.00,0.00,0.00,0.00,0.00,0.00,0.00,0.00,0.00,0.01,0.02,0.03,0.06,0.10,0.15,0.24,0.35,0.47,0.65,0.85,1.10,1.38,1.68,2.00,2.29,2.53,2.72,2.82,2.82,2.74,2.57,2.36,2.15,1.96,1.85,1.86,1.93,2.13,2.42,2.75,3.14,3.52,3.87,4.15,4.28,4.26,4.15,3.92,3.66,3.44,3.27,3.16,3.05,2.95,2.81,2.58,2.32,2.03,1.73,1.46,1.21,1.03,0.90,0.77,0.71,0.67,0.62,0.61,0.60,0.60,0.61,0.62,0.64,0.65,0.66,0.67,0.70,0.75,0.82,0.93,1.06,1.22,1.37,1.50,1.57,1.57,1.48,1.33,1.14,0.92,0.71,0.53,0.38,0.27,0.18,0.12,0.09,0.07,0.07,0.09,0.13,0.18,0.24,0.30,0.36,0.41,0.44,0.46,0.45,0.42,0.37,0.32,0.26,0.19,0.14,0.09,0.06,0.03,0.02,0.02,0.02,0.04,0.07,0.12,0.18,0.25,0.32,0.38,0.42,0.45,0.45,0.43,0.41,0.39,0.38,0.37,0.37,0.36,0.35,0.32,0.29,0.25,0.22,0.21,0.22,0.25,0.29,0.33,0.36,0.38,0.38,0.35,0.32,0.28,0.24,0.21,0.20,0.19,0.20,0.24,0.28,0.34,0.42,0.50,0.60,0.70,0.78,0.84,0.87,0.85,0.80,0.72,0.62,0.53,0.45,0.39,0.36,0.36,0.38,0.43,0.49,0.56,0.63,0.68,0.70,0.70,0.67,0.62,0.57,0.50,0.45,0.40,0.35,0.32,0.28,0.27,0.26,0.27,0.29,0.32,0.35,0.37,0.37,0.36,0.33,0.29,0.25,0.20,0.16,0.11,0.08,0.05,0.04,0.03,0.04,0.06,0.10,0.15,0.21,0.27,0.33,0.37,0.39,0.40,0.38,0.35,0.33,0.31,0.31,0.34,0.39,0.46,0.54,0.63,0.72,0.81,0.90,0.99,1.08,1.17,1.27,1.35,1.40,1.45,1.47,1.46,1.44,1.41,1.38,1.37,1.39,1.43,1.50,1.55,1.59,1.59,1.53,1.43,1.31,1.20,1.09,1.01,1.01,1.07,1.22,1.45,1.76,2.15,2.58,3.01,3.44,3.85,4.25,4.63,5.08,5.66,6.34,7.20,8.32,9.57,10.90,12.24,13.49,14.61,15.43,16.01,16.53,16.75,16.71,16.55,16.13,15.44,14.52,13.49,12.41,11.32,10.19,9.30,8.50,7.75,7.18,6.77,6.43,6.16,5.95,5.79,5.61,5.36,5.16,4.92,4.68,4.47,4.30,4.17,4.03,3.90,3.79,3.68,3.54,3.45,3.33,3.19,3.01,2.73,2.44,2.10,1.75,1.45,1.20,1.02,0.89,0.79,0.73,0.67,0.59,0.53,0.46,0.40,0.35,0.31,0.29,0.28,0.28,0.28,0.28,0.29,0.29,0.31,0.34,0.39,0.46,0.53,0.61,0.67,0.73,0.77,0.81,0.85,0.90,0.97,1.05,1.15,1.28,1.44,1.63,1.80,1.95,2.08,2.12,2.12,2.10,2.05,2.00,2.01,2.01,2.11,2.37,2.74,3.37,4.37,5.69,7.38,9.47,11.91,14.65,17.75,21.29,25.26,29.63,34.34,39.05,43.20,46.45,48.69,49.81,49.88,49.32,49.12,49.13,49.46,50.87,52.74,54.73,56.46,57.77,58.36,57.99,56.47,54.60,52.20,49.13,46.04,42.89,39.56,36.14,32.99,29.94,27.14,24.40,21.97,19.52,17.12,14.86,12.79,11.05,9.52,8.48,7.71,7.15,6.69,6.35,6.00,5.63,5.31,5.00,4.72,4.49,4.27,4.05,3.88,3.69,3.52,3.32,3.10,2.85,2.54,2.20,1.88,1.55,1.25,1.00,0.81,0.68,0.58,0.52,0.49,0.47,0.45,0.44,0.43,0.42,0.43,0.42,0.41,0.40,0.39,0.39,0.40,0.44,0.50,0.57,0.65,0.73,0.78,0.80,0.82,0.82,0.83,0.86,0.92,0.97,1.01,1.05,1.06,1.04,1.01,0.98,0.95,0.93,0.92,0.91,0.89,0.86,0.83,0.79,0.78,0.78,0.83,0.90,0.97,1.05,1.10,1.12,1.13,1.16,1.17,1.21,1.28,1.42,1.59,1.83,2.16,2.54,3.02,3.51,4.07,4.67,5.27,5.82,6.31,6.73,7.05,7.23,7.30,7.36,7.41,7.33,7.21,7.28,7.27,7.37,7.79,8.37,9.16,10.12,10.94,11.85,12.56,13.05,13.58,13.95,14.50,15.19,15.95,17.04,18.92,20.90,23.29,26.57,30.10,33.85,37.73,42.56,47.19,51.75,56.71,62.12,68.19,74.61,82.13,91.28,99.86,107.31,114.75,118.69,119.69,118.21,113.39,106.83,99.00,90.23,82.84,76.23,69.91,66.16,62.35,58.38,55.12,51.14,46.90,42.68,38.23,34.06,30.13,25.99,22.50,19.33,16.49,14.12,12.33,10.92,9.88,9.18,8.69,8.39,8.18,8.06,7.79,7.56,7.25,6.86,6.48,6.13,5.75,5.47,5.15,4.87,4.64,4.41,4.28,4.20,4.16,4.19,4.17,4.13,4.08,3.93,3.73,3.51,3.29
Confirmed,"","British Virgin Islands","United Kingdom",30237,2745,0.00,0.00,0.00,0.00,0.00,0.00,0.00,0.00,0.00,0.00,0.00,0.00,0.00,0.00,0.00,0.00,0.00,0.00,0.00,0.00,0.00,0.00,0.00,0.00,0.00,0.00,0.00,0.00,0.00,0.00,0.00,0.00,0.00,0.00,0.00,0.00,0.00,0.00,0.00,0.00,0.00,0.00,0.00,0.00,0.00,0.00,0.00,0.00,0.00,0.00,0.00,0.00,0.00,0.00,0.00,0.00,0.00,0.01,0.02,0.03,0.06,0.09,0.14,0.19,0.24,0.28,0.30,0.32,0.30,0.27,0.23,0.18,0.13,0.09,0.06,0.04,0.02,0.01,0.01,0.02,0.03,0.05,0.08,0.11,0.14,0.17,0.20,0.22,0.23,0.23,0.23,0.22,0.20,0.19,0.16,0.14,0.12,0.10,0.08,0.07,0.07,0.08,0.09,0.10,0.11,0.12,0.12,0.11,0.11,0.10,0.10,0.11,0.11,0.12,0.12,0.11,0.10,0.08,0.06,0.04,0.03,0.02,0.01,0.00,0.00,0.00,0.00,0.00,0.00,0.00,0.00,0.00,0.00,0.00,0.00,0.00,0.00,0.00,0.00,0.00,0.00,0.00,0.00,0.00,0.00,0.00,0.00,0.00,0.00,0.00,0.00,0.00,0.00,0.00,0.00,0.00,0.00,0.00,0.00,0.00,0.00,0.00,0.00,0.00,0.00,0.00,0.00,0.00,0.00,0.00,0.00,0.00,0.00,0.00,0.00,0.00,0.00,0.00,0.00,0.00,0.00,0.00,0.00,0.00,0.00,0.00,0.00,0.00,0.01,0.02,0.03,0.04,0.06,0.08,0.10,0.11,0.11,0.11,0.10,0.08,0.07,0.06,0.08,0.11,0.17,0.28,0.44,0.63,0.86,1.11,1.36,1.59,1.77,1.94,2.11,2.25,2.44,2.64,2.82,2.99,3.10,3.14,3.13,3.05,2.92,2.74,2.47,2.19,1.86,1.51,1.20,0.96,0.77,0.66,0.59,0.57,0.56,0.54,0.52,0.49,0.46,0.42,0.38,0.35,0.33,0.30,0.27,0.24,0.21,0.16,0.12,0.08,0.05,0.03,0.02,0.01,0.00,0.00,0.00,0.00,0.00,0.00,0.00,0.00,0.00,0.00,0.00,0.00,0.00,0.00,0.00,0.00,0.00,0.00,0.00,0.00,0.00,0.00,0.00,0.00,0.00,0.00,0.00,0.00,0.00,0.00,0.00,0.00,0.00,0.00,0.00,0.00,0.00,0.00,0.00,0.00,0.00,0.00,0.00,0.00,0.00,0.00,0.00,0.00,0.00,0.00,0.01,0.02,0.03,0.04,0.06,0.08,0.10,0.12,0.13,0.14,0.15,0.18,0.21,0.26,0.33,0.40,0.48,0.54,0.60,0.66,0.74,0.83,0.93,1.03,1.11,1.13,1.08,0.98,0.82,0.64,0.47,0.32,0.19,0.13,0.10,0.11,0.22,0.37,0.60,0.93,1.33,1.78,2.22,2.58,2.85,2.92,2.77,2.51,2.11,1.64,1.20,0.80,0.50,0.29,0.14,0.07,0.03,0.00,0.00,0.00,0.00,0.00,0.00,0.00,0.00,0.00,0.00,0.00,0.00,0.00,0.00,0.00,0.00,0.00,0.00,0.00,0.00,0.00,0.00,0.00,0.00,0.00,0.00,0.00,0.00,0.08,0.16,0.31,0.62,1.05,1.64,2.34,3.08,3.78,4.25,4.37,4.25,3.78,3.08,2.34,1.64,1.05,0.62,0.31,0.16,0.08,0.00,0.00,0.00,0.00,0.00,0.00,0.00,0.00,0.00,0.00,0.00,0.00,0.00,0.00,0.03,0.05,0.10,0.21,0.38,0.59,0.88,1.22,1.59,1.92,2.18,2.37,2.43,2.34,2.14,1.89,1.59,1.30,1.07,0.95,0.92,0.96,1.08,1.22,1.33,1.40,1.43,1.39,1.30,1.16,1.01,0.87,0.71,0.63,0.66,0.78,1.04,1.38,1.77,2.16,2.42,2.51,2.48,2.32,2.03,1.79,1.68,1.70,1.91,2.24,2.67,3.09,3.34,3.37,3.24,2.86,2.32,1.75,1.22,0.78,0.46,0.23,0.12,0.06,0.00,0.00,0.00,0.00,0.00,0.00,0.00,0.00,0.00,0.00,0.00,0.00,0.00,0.00,0.00,0.00,0.00,0.00,0.10,0.20,0.40,0.80,1.35,2.10,3.00,3.95,4.88,5.67,6.04,6.45,6.78,7.23,8.24,9.75,12.46,15.40,18.67,23.38,28.30,34.23,42.42,52.37,64.25,77.62,91.58,106.49,119.88,129.97,137.73,140.80,137.52,129.74,118.36,104.40,90.42,77.00,66.20,58.09,50.73,44.57,39.77,34.85,29.99,25.82,21.50,17.80,14.26,10.71,8.28,6.44,5.08,4.62,4.53,4.79,5.04,5.15,5.22,5.01,4.65,4.25,3.81,3.39,2.99,2.66,2.35,1.98,1.63,1.30,0.97,0.66,0.58,0.55,0.72,1.23,1.97,3.04,4.33,5.70,7.02,7.90,8.15,7.97,7.14,5.88,4.54,3.25,2.16,1.35,0.73,0.41,0.23,0.05,0.03,0.02,0.01,0.00,0.00,0.00,0.00,0.00,0.00,0.00,0.00,0.17,0.33,0.66,1.33,2.24,3.49,4.98,6.56,8.05,9.05,9.30,9.05,8.05,6.56,4.98,3.49,2.24,1.33,0.66,0.33,0.17,0.00,0.00,0.00,0.00,0.00,0.00,0.00,0.00,0.00,0.00,0.00,0.00,0.00,0.04,0.08,0.16,0.32,0.55,0.87,1.27,1.75,2.31,2.86,3.37,3.92
Confirmed,"","Cayman Islands","United Kingdom",51317,2676,0.00,0.00,0.00,0.00,0.00,0.00,0.00,0.00,0.00,0.00,0.00,0.00,0.00,0.00,0.00,0.00,0.00,0.00,0.00,0.00,0.00,0.00,0.00,0.00,0.00,0.00,0.00,0.00,0.00,0.00,0.00,0.00,0.00,0.00,0.00,0.00,0.00,0.00,0.00,0.00,0.00,0.00,0.00,0.01,0.02,0.03,0.04,0.06,0.09,0.11,0.14,0.17,0.20,0.24,0.29,0.34,0.40,0.47,0.54,0.62,0.69,0.77,0.86,0.99,1.17,1.41,1.73,2.09,2.47,2.82,3.09,3.27,3.31,3.22,3.06,2.83,2.57,2.34,2.15,2.01,1.93,1.86,1.85,1.83,1.78,1.72,1.65,1.56,1.46,1.34,1.25,1.15,1.05,0.96,0.90,0.84,0.79,0.77,0.76,0.78,0.80,0.84,0.89,0.94,0.99,1.06,1.12,1.20,1.32,1.45,1.61,1.83,2.07,2.35,2.70,3.07,3.48,3.86,4.14,4.33,4.31,4.14,3.87,3.50,3.11,2.78,2.52,2.38,2.35,2.41,2.56,2.72,2.90,3.05,3.15,3.22,3.28,3.28,3.24,3.15,2.99,2.76,2.48,2.19,1.90,1.64,1.39,1.20,1.02,0.84,0.69,0.57,0.48,0.43,0.41,0.44,0.48,0.53,0.57,0.59,0.58,0.53,0.45,0.36,0.28,0.20,0.15,0.12,0.12,0.14,0.16,0.20,0.22,0.22,0.22,0.19,0.16,0.12,0.08,0.05,0.03,0.02,0.01,0.00,0.00,0.00,0.00,0.00,0.00,0.00,0.00,0.00,0.00,0.00,0.00,0.00,0.00,0.00,0.00,0.00,0.00,0.01,0.02,0.03,0.05,0.08,0.12,0.16,0.19,0.22,0.22,0.22,0.19,0.16,0.12,0.08,0.05,0.03,0.02,0.01,0.00,0.00,0.01,0.02,0.04,0.07,0.11,0.16,0.22,0.27,0.32,0.33,0.33,0.31,0.26,0.21,0.17,0.14,0.13,0.13,0.16,0.19,0.22,0.24,0.25,0.26,0.25,0.25,0.25,0.26,0.28,0.31,0.34,0.37,0.42,0.48,0.57,0.67,0.81,0.95,1.09,1.22,1.34,1.45,1.54,1.61,1.67,1.69,1.65,1.57,1.45,1.30,1.14,1.00,0.85,0.73,0.61,0.51,0.43,0.36,0.34,0.35,0.40,0.49,0.61,0.76,0.91,1.05,1.17,1.24,1.26,1.23,1.16,1.06,0.97,0.89,0.84,0.82,0.83,0.86,0.92,1.00,1.09,1.18,1.30,1.41,1.52,1.63,1.74,1.86,1.97,2.07,2.16,2.20,2.15,2.07,1.93,1.77,1.63,1.52,1.46,1.46,1.46,1.50,1.57,1.62,1.70,1.78,1.83,1.85,1.83,1.75,1.65,1.52,1.39,1.31,1.27,1.31,1.45,1.66,1.95,2.27,2.57,2.83,3.02,3.13,3.19,3.16,3.08,2.95,2.74,2.51,2.29,2.09,1.97,1.93,1.97,2.05,2.11,2.13,2.11,1.98,1.79,1.58,1.34,1.12,0.93,0.82,0.77,0.79,0.89,1.05,1.24,1.44,1.63,1.80,1.91,1.95,1.96,1.93,1.86,1.79,1.73,1.68,1.65,1.62,1.61,1.62,1.62,1.64,1.69,1.74,1.78,1.82,1.86,1.90,1.94,1.99,2.05,2.09,2.08,2.03,1.94,1.79,1.62,1.51,1.43,1.42,1.49,1.62,1.80,1.97,2.11,2.22,2.23,2.17,2.06,1.88,1.69,1.52,1.37,1.27,1.26,1.28,1.36,1.47,1.60,1.76,1.89,2.00,2.12,2.15,2.10,2.05,1.94,1.84,1.77,1.77,1.82,1.87,1.90,1.91,1.87,1.76,1.67,1.57,1.47,1.39,1.32,1.26,1.22,1.17,1.16,1.17,1.18,1.23,1.30,1.37,1.44,1.48,1.46,1.41,1.29,1.13,0.97,0.81,0.73,0.68,0.68,0.77,0.91,1.10,1.34,1.61,1.87,2.06,2.18,2.23,2.18,2.08,1.94,1.81,1.68,1.55,1.45,1.37,1.28,1.21,1.16,1.10,1.05,0.98,0.90,0.84,0.78,0.74,0.73,0.74,0.78,0.83,0.88,0.93,0.95,0.96,0.98,1.00,1.06,1.17,1.31,1.47,1.60,1.71,1.72,1.64,1.50,1.30,1.08,0.89,0.74,0.65,0.61,0.60,0.61,0.60,0.57,0.52,0.44,0.37,0.31,0.27,0.26,0.27,0.32,0.38,0.46,0.56,0.64,0.72,0.79,0.86,0.92,0.99,1.07,1.17,1.26,1.38,1.49,1.59,1.66,1.68,1.67,1.60,1.47,1.33,1.17,1.01,0.87,0.75,0.66,0.60,0.55,0.55,0.57,0.59,0.64,0.68,0.70,0.73,0.75,0.79,0.85,0.95,1.08,1.23,1.39,1.53,1.64,1.68,1.71,1.71,1.69,1.72,1.80,1.93,2.15,2.36,2.57,2.82,3.01,3.25,3.52,3.85,4.21,4.57,4.81,5.03,5.17,5.22,5.35,5.52,5.69,5.87,5.95,5.86,5.70,5.36,5.01,4.72,4.51,4.49,4.66,5.07,5.65,6.38,7.24,8.22,9.17,10.15,11.12,12.03,12.78,13.21,13.46,13.40,12.93,12.28,11.70,11.01,10.40,10.10,10.27,10.97,12.17,14.15,16.49,19.22,21.54,24.08,26.66,29.31,32.73,38.07,43.99,51.14,60.11,69.30,79.89,90.77,101.84,112.67,120.56,123.77,123.84,117.90,107.26,94.62,80.20,66.14,53.04
Confirmed,"","Channel Islands","United Kingdom",170499,14190,0.00,0.00,0.00,0.00,0.00,0.00,0.00,0.00,0.00,0.00,0.00,0.00,0.00,0.00,0.00,0.00,0.00,0.00,0.00,0.00,0.00,0.00,0.00,0.00,0.00,0.00,0.00,0.00,0.00,0.00,0.00,0.00,0.00,0.00,0.00,0.00,0.00,0.00,0.00,0.00,0.01,0.02,0.03,0.06,0.09,0.14,0.20,0.28,0.37,0.50,0.65,0.86,1.15,1.52,2.00,2.59,3.25,4.01,4.88,5.77,6.84,8.03,9.35,10.81,12.39,14.03,15.77,17.50,19.21,20.96,22.40,23.57,24.27,24.37,23.91,23.00,21.69,20.25,18.70,17.12,15.67,14.19,12.87,11.66,10.61,9.72,9.00,8.37,7.86,7.36,6.86,6.40,5.83,5.30,4.73,4.17,3.68,3.23,2.84,2.52,2.18,1.86,1.57,1.25,0.99,0.79,0.64,0.56,0.55,0.60,0.69,0.81,0.92,1.03,1.10,1.12,1.11,1.05,0.96,0.85,0.73,0.62,0.52,0.44,0.38,0.33,0.28,0.25,0.23,0.23,0.23,0.26,0.31,0.36,0.42,0.46,0.49,0.51,0.51,0.50,0.50,0.50,0.52,0.55,0.57,0.59,0.58,0.54,0.49,0.42,0.34,0.28,0.23,0.19,0.16,0.13,0.12,0.11,0.11,0.14,0.19,0.27,0.37,0.49,0.60,0.69,0.74,0.77,0.77,0.75,0.73,0.72,0.72,0.70,0.68,0.63,0.56,0.47,0.40,0.32,0.27,0.24,0.25,0.28,0.32,0.38,0.44,0.51,0.58,0.67,0.77,0.88,1.00,1.12,1.19,1.23,1.23,1.20,1.16,1.13,1.14,1.17,1.22,1.27,1.31,1.32,1.32,1.30,1.26,1.24,1.23,1.23,1.26,1.30,1.36,1.40,1.42,1.43,1.38,1.31,1.22,1.11,0.98,0.83,0.68,0.53,0.39,0.32,0.30,0.34,0.44,0.58,0.75,0.93,1.10,1.28,1.45,1.58,1.70,1.78,1.84,1.86,1.85,1.83,1.82,1.79,1.78,1.84,1.95,2.11,2.32,2.60,2.90,3.18,3.46,3.72,3.93,4.13,4.33,4.61,4.94,5.34,5.77,6.11,6.26,6.29,6.13,5.86,5.62,5.53,5.53,5.63,5.84,6.08,6.28,6.43,6.66,6.85,7.00,7.15,7.35,7.59,7.93,8.46,9.15,9.94,10.67,11.39,11.94,12.35,12.59,12.72,12.71,12.60,12.41,12.13,11.89,11.74,11.63,11.49,11.55,11.47,11.47,11.85,12.46,13.64,15.45,17.73,20.67,24.15,27.76,32.01,36.28,40.32,44.42,47.87,50.74,53.12,54.87,56.34,57.86,59.05,60.86,62.83,64.86,67.23,69.59,71.88,73.91,75.37,76.32,76.34,74.59,71.65,67.19,61.40,54.81,48.26,42.24,37.05,32.70,29.55,27.33,25.60,24.46,23.93,23.71,23.48,23.47,23.34,22.94,22.30,21.45,20.38,19.18,17.75,16.35,14.98,13.67,12.65,11.94,11.58,11.67,12.08,13.00,14.26,15.82,17.75,19.85,22.30,24.95,27.56,30.19,32.54,34.12,35.02,34.98,34.07,32.53,30.35,27.95,25.56,23.04,20.63,18.44,16.33,14.43,12.62,10.97,9.50,8.11,6.85,5.78,4.87,4.08,3.41,2.88,2.42,2.06,1.79,1.59,1.44,1.32,1.22,1.12,1.00,0.88,0.76,0.65,0.56,0.48,0.41,0.37,0.33,0.31,0.29,0.29,0.28,0.27,0.26,0.25,0.22,0.20,0.19,0.18,0.18,0.19,0.21,0.25,0.29,0.34,0.40,0.44,0.47,0.47,0.45,0.41,0.36,0.31,0.27,0.23,0.21,0.21,0.21,0.22,0.24,0.25,0.37,0.48,0.70,1.14,1.75,2.48,3.38,4.23,4.78,4.82,4.12,2.90,1.13,-0.92,-2.67,-3.86,-4.53,-4.47,-3.89,-3.03,-2.12,-1.37,-0.75,-0.29,-0.06,0.05,0.17,0.17,0.18,0.19,0.20,0.23,0.26,0.29,0.34,0.39,0.45,0.52,0.60,0.67,0.72,0.72,0.70,0.63,0.54,0.46,0.39,0.37,0.41,0.50,0.69,0.98,1.35,1.78,2.25,2.74,3.21,3.61,3.98,4.28,4.54,4.66,4.71,4.86,4.91,5.04,5.60,6.43,7.76,9.71,12.22,15.39,18.95,22.69,27.24,31.31,35.19,39.77,43.71,48.03,54.14,61.17,70.26,81.62,94.28,109.29,124.43,140.74,157.59,172.96,187.32,201.25,213.23,223.60,233.55,241.86,247.13,247.04,242.84,232.91,217.07,198.16,179.34,160.38,142.22,126.22,112.21,99.48,87.71,78.74,71.84,66.37,61.53,58.13,54.71,50.99,48.00,45.46,43.74,42.71,42.02,41.82,42.07,42.30,42.79,43.42,44.44,45.23,45.49,45.66,45.59,44.68,43.15,41.63,39.84,37.97,36.57,35.98,36.14,36.85,37.85,39.34,40.54,41.36,42.13,42.30,41.94,41.44,40.36,38.95,37.70,36.52,35.52,34.56,33.81,33.11,32.15,31.16,30.56,29.90,29.24,28.81,28.47,28.13,27.84,27.84,28.00,28.05,27.91,27.78,27.34,26.93,26.74,26.90,27.60,28.84,30.50,32.58,35.19,38.00,40.78,43.38,45.93,47.99,49.64,51.54,53.45,55.27,56.95,58.50,59.76,60.50,61.52,62.88,64.17,65.93,68.03,69.88,71.70,73.97,76.38,79.05,81.47,84.28,87.27,89.47,92.18,95.95,99.66,103.78,109.14,114.31
Confirmed,"","England","United Kingdom",55977200,7984769,0.00,0.00,0.00,0.00,0.00,0.00,0.00,0.00,0.00,0.00,0.00,0.00,0.00,0.00,0.00,0.00,0.00,0.00,0.00,0.00,0.00,0.00,0.00,0.00,0.00,0.00,0.00,0.00,0.00,0.00,0.00,0.00,0.00,0.00,0.00,0.00,0.00,0.00,0.00,0.00,0.00,0.00,0.00,0.00,0.00,0.00,0.00,0.00,0.00,0.00,0.00,0.00,0.00,0.00,0.00,0.00,0.00,0.00,0.00,0.00,0.00,0.00,0.00,0.00,0.00,0.00,0.00,0.00,0.00,0.00,0.00,0.00,0.00,0.00,0.00,0.00,0.00,0.00,0.00,0.00,0.00,0.00,0.00,0.00,0.00,0.00,0.00,0.00,0.00,0.00,0.00,0.00,0.00,0.00,0.00,0.00,0.00,0.00,0.00,0.00,0.00,0.00,0.00,0.00,0.00,0.00,0.00,0.00,0.00,0.00,0.00,0.00,0.00,0.00,0.00,0.00,0.00,0.00,0.00,0.00,0.00,0.00,0.00,0.00,0.00,0.00,0.00,0.00,0.00,0.00,0.00,312.04,624.86,1250.46,2501.50,4223.34,6573.01,9395.52,12379.54,15213.03,17115.12,17615.23,17178.31,15334.80,12550.01,9602.87,6805.38,4470.11,2754.03,1501.89,870.76,550.07,394.33,551.03,875.39,1533.52,2444.10,3691.65,5194.08,6786.54,8303.43,9330.49,9616.53,9407.00,8451.59,6997.04,5455.30,3990.61,2769.35,1874.27,1222.19,896.30,734.04,570.97,573.55,576.98,582.15,587.97,593.02,597.89,603.23,609.67,617.08,626.54,638.31,650.63,663.18,676.47,689.55,701.85,714.10,725.20,733.97,743.81,749.10,752.28,760.09,763.05,767.26,778.02,791.00,814.63,845.27,878.73,923.08,959.72,982.37,1001.84,1006.15,997.66,987.43,976.19,971.04,972.92,978.56,996.90,1021.27,1046.86,1081.56,1122.31,1168.27,1223.36,1292.70,1378.66,1480.85,1600.61,1735.24,1879.41,2025.60,2167.32,2303.51,2427.25,2535.75,2634.17,2725.13,2815.00,2911.00,3018.80,3146.12,3297.57,3467.53,3661.35,3870.69,4081.49,4286.02,4482.39,4681.43,4871.93,5101.28,5412.79,5840.83,6406.40,7126.85,7979.70,8906.57,9811.88,10627.15,11326.20,11835.62,12182.24,12420.93,12605.24,12775.48,12988.75,13245.71,13572.66,13955.91,14375.14,14857.55,15373.11,15910.62,16451.57,16965.42,17414.16,17816.54,18137.83,18400.36,18643.89,18850.12,19028.90,19183.45,19292.92,19369.36,19420.53,19452.71,19536.23,19631.52,19755.32,19945.72,20170.56,20433.99,20748.30,21089.91,21430.09,21700.86,21826.39,21794.39,21538.57,21078.93,20468.47,19746.43,18969.78,18170.68,17374.60,16603.43,15858.45,15157.93,14528.82,13955.17,13476.15,13080.18,12764.20,12550.49,12425.15,12386.61,12428.73,12538.18,12713.85,12957.04,13273.02,13689.91,14211.06,14825.90,15546.98,16355.98,17244.19,18222.27,19303.58,20496.97,21797.89,23191.94,24661.46,26154.25,27581.02,28953.39,30237.12,31443.56,32649.07,33948.16,35418.65,37112.64,38976.08,41008.66,43098.91,45068.30,46870.42,48433.55,49700.22,50627.33,51207.31,51408.38,51239.22,50652.51,49733.41,48568.72,47209.63,45740.34,44229.26,42698.87,41155.99,39623.62,38102.15,36612.35,35141.71,33677.40,32204.28,30714.18,29205.32,27728.09,26331.09,25034.54,23872.55,22815.17,21835.91,20905.36,19995.12,19115.94,18275.19,17469.49,16688.96,15938.21,15199.47,14476.82,13782.69,13133.28,12546.84,12020.73,11557.13,11152.85,10800.58,10493.79,10221.94,9974.94,9736.97,9491.94,9229.81,8937.83,8616.54,8269.10,7891.21,7494.86,7093.04,6698.31,6328.44,5998.52,5715.53,5485.84,5301.23,5156.55,5048.26,4967.89,4911.61,4867.39,4832.21,4796.21,4754.36,4709.87,4664.06,4624.01,4597.26,4577.49,4570.55,4574.18,4571.74,4564.58,4543.69,4498.55,4426.37,4320.62,4186.76,4035.55,3863.28,3682.25,3487.90,3289.41,3074.74,2837.33,2584.37,2317.75,2049.57,1798.00,1582.33,1433.71,1372.12,1371.73,1445.82,1566.68,1699.81,1822.56,1919.85,1987.47,2036.43,2054.68,2057.22,2060.52,2046.36,2027.17,2002.94,1979.61,1955.95,1931.35,1905.91,1882.12,1856.18,1829.98,1809.56,1796.00,1792.58,1798.71,1812.01,1829.76,1846.48,1850.96,1850.37,1832.98,1791.93,1731.46,1646.62,1548.08,1448.21,1359.75,1309.31,1312.85,1356.27,1451.80,1585.61,1735.16,1893.42,2049.75,2201.29,2350.91,2491.93,2635.94,2796.96,2969.09,3167.00,3394.95,3648.37,3921.70,4207.50,4498.26,4788.29,5073.99,5351.86,5623.55,5887.74,6148.56,6412.16,6687.46,6979.39,7293.39,7637.94,8006.75,8425.06,8893.42,9428.48,10052.07,10762.17,11562.19,12452.53,13418.98,14452.16,15536.88,16636.77,17752.78,18842.41,19893.08,20921.05,21934.00,22950.14,24002.66,25101.99,26276.37,27532.23,28867.75,30357.23,31968.22,33667.35,35402.52,37032.85,38403.79,39356.26,39760.12,39594.82,38855.61,37574.78,35929.66,34048.19,32060.76,30130.60,28383.41,26898.69,25718.86,24810.30,24163.50,23739.62,23464.36,23343.46,23358.81,23477.21,23663.78,23885.30,24101.03,24289.15,24448.24,24594.24,24739.31,24882.69,25031.09,25182.22,25332.00,25490.90,25667.53,25852.74,26027.13,26165.42,26246.03,26249.97,26175.12,26047.83,25876.45,25666.47,25443.56,25242.37,25093.90,25041.40,25125.60,25357.58,25704.36,26091.35,26450.44,26705.78,26784.88,26659.79,26330.89,25821.47,25175.69,24458.45,23745.49,23119.49,22645.42,22369.90,22312.80,22462.45,22798.91,23275.30,23835.83,24443.05,25055.82,25624.87,26123.37,26542.65,26879.86,27133.70,27309.31,27431.61,27528.95,27615.54,27733.51,27927.96,28212.51,28596.53,29067.49,29606.93,30200.37,30829.81,31500.26,32231.58,33028.75,33877.57,34763.24,35636.19,36464.41,37201.07,37805.96,38246.46,38502.94,38539.70,38347.83,37959.09,37404.23,36767.33,36092.97,35434.50,34821.11,34239.66,33641.96,33020.26,32346.11,31616.90,30854.53,30082.07,29363.66,28724.12,28193.83,27798.14,27553.22,27423.55,27409.48
Confirmed,"","Falkland Islands","United Kingdom",3483,79,0.00,0.00,0.00,0.00,0.00,0.00,0.00,0.00,0.00,0.00,0.00,0.00,0.00,0.00,0.00,0.00,0.00,0.00,0.00,0.00,0.00,0.00,0.00,0.00,0.00,0.00,0.00,0.00,0.00,0.00,0.00,0.00,0.00,0.00,0.00,0.00,0.00,0.00,0.00,0.00,0.00,0.00,0.00,0.00,0.00,0.00,0.00,0.00,0.00,0.00,0.00,0.00,0.00,0.00,0.00,0.00,0.00,0.00,0.00,0.00,0.00,0.00,0.00,0.00,0.01,0.01,0.02,0.05,0.08,0.13,0.19,0.26,0.33,0.41,0.48,0.55,0.60,0.64,0.68,0.72,0.75,0.79,0.79,0.77,0.72,0.63,0.53,0.44,0.35,0.30,0.27,0.25,0.25,0.23,0.21,0.18,0.14,0.10,0.07,0.04,0.02,0.01,0.01,0.00,0.00,0.00,0.00,0.00,0.00,0.00,0.00,0.00,0.00,0.00,0.00,0.00,0.00,0.00,0.00,0.00,0.00,0.00,0.00,0.00,0.00,0.00,0.00,0.00,0.00,0.00,0.00,0.00,0.00,0.00,0.00,0.00,0.00,0.00,0.00,0.00,0.00,0.00,0.00,0.00,0.00,0.00,0.00,0.00,0.00,0.00,0.00,0.00,0.00,0.00,0.00,0.00,0.00,0.00,0.00,0.00,0.00,0.00,0.00,0.00,0.00,0.00,0.00,0.00,0.00,0.00,0.00,0.00,0.00,0.00,0.00,0.00,0.00,0.00,0.00,0.00,0.00,0.00,0.00,0.00,0.00,0.00,0.00,0.00,0.00,0.00,0.00,0.00,0.00,0.00,0.00,0.00,0.00,0.00,0.00,0.00,0.00,0.00,0.00,0.00,0.00,0.00,0.00,0.00,0.00,0.00,0.00,0.00,0.00,0.00,0.00,0.00,0.00,0.00,0.00,0.00,0.00,0.00,0.00,0.00,0.00,0.00,0.00,0.00,0.00,0.00,0.00,0.00,0.00,0.00,0.00,0.00,0.00,0.00,0.00,0.00,0.00,0.00,0.00,0.00,0.00,0.00,0.00,0.00,0.00,0.00,0.00,0.00,0.00,0.00,0.00,0.00,0.00,0.00,0.00,0.00,0.00,0.00,0.00,0.00,0.00,0.00,0.00,0.00,0.00,0.00,0.00,0.00,0.00,0.00,0.00,0.00,0.00,0.00,0.00,0.00,0.00,0.00,0.00,0.00,0.00,0.00,0.01,0.02,0.04,0.06,0.09,0.12,0.16,0.20,0.23,0.25,0.25,0.25,0.24,0.22,0.20,0.17,0.14,0.12,0.09,0.07,0.05,0.04,0.03,0.04,0.05,0.06,0.08,0.10,0.11,0.11,0.11,0.10,0.09,0.08,0.09,0.12,0.18,0.26,0.36,0.49,0.61,0.70,0.77,0.82,0.83,0.83,0.83,0.83,0.82,0.77,0.70,0.61,0.49,0.36,0.25,0.16,0.10,0.05,0.02,0.01,0.00,0.01,0.01,0.02,0.05,0.08,0.13,0.18,0.24,0.30,0.35,0.38,0.41,0.42,0.43,0.44,0.47,0.50,0.55,0.60,0.66,0.72,0.76,0.79,0.77,0.73,0.67,0.59,0.55,0.52,0.54,0.61,0.70,0.81,0.93,1.02,1.10,1.12,1.08,1.01,0.88,0.72,0.58,0.44,0.33,0.24,0.17,0.13,0.10,0.06,0.04,0.03,0.02,0.01,0.00,0.00,0.00,0.00,0.00,0.00,0.00,0.00,0.00,0.00,0.00,0.00,0.00,0.00,0.00,0.00,0.00,0.00,0.00,0.00,0.00,0.00,0.00,0.00,0.00,0.00,0.00,0.00,0.00,0.00,0.00,0.01,0.02,0.05,0.10,0.16,0.25,0.36,0.48,0.59,0.67,0.70,0.71,0.67,0.59,0.52,0.45,0.38,0.33,0.28,0.25,0.21,0.18,0.16,0.15,0.14,0.13,0.12,0.10,0.08,0.06,0.04,0.03,0.02,0.01,0.00,0.00,0.00,0.00,0.00,0.00,0.00,0.00,0.00,0.00,0.00,0.00,0.00,0.00,0.00,0.00,0.00,0.00,0.00,0.00,0.00,0.00,0.00,0.00,0.00,0.00,0.00,0.00,0.00,0.00,0.00,0.00,0.00,0.00,0.00,0.00,0.00,0.00,0.00,0.00,0.00,0.00,0.00,0.00,0.00,0.00,0.00,0.00,0.00,0.00,0.00,0.00,0.00,0.00,0.00,0.00,0.00,0.00,0.00,0.00,0.00,0.00,0.00,0.00,0.00,0.00,0.00,0.00,0.00,0.00,0.00,0.00,0.00,0.00,0.00,0.00,0.00,0.00,0.00,0.00,0.00,0.00,0.00,0.00,0.00,0.01,0.01,0.02,0.05,0.08,0.13,0.18,0.24,0.29,0.33,0.34,0.33,0.29,0.24,0.18,0.13,0.08,0.05,0.02,0.01,0.01,0.00,0.00,0.00,0.00,0.00,0.00,0.00,0.00,0.00,0.01,0.02,0.03,0.04,0.06,0.08,0.10,0.11,0.11,0.11,0.10,0.08,0.06,0.04,0.03,0.02,0.01,0.00,0.00,0.00,0.00,0.00,0.00,0.00,0.00,0.00,0.00,0.00,0.00,0.00,0.00,0.00,0.00,0.00,0.00,0.01,0.02,0.03,0.04,0.06,0.08,0.10,0.12,0.13,0.14,0.14,0.14,0.14,0.13,0.13,0.11,0.10,0.08,0.06,0.04,0.03,0.02,0.01,0.01,0.00,0.00,0.00,0.01,0.01,0.02,0.03,0.05,0.07,0.11,0.19,0.31,0.46,0.65,0.86,1.08,1.27,1.44,1.58,1.67
Confirmed,"","Gibraltar","United Kingdom",33691,6256,0.00,0.00,0.00,0.00,0.00,0.00,0.00,0.00,0.00,0.00,0.00,0.00,0.00,0.00,0.00,0.00,0.00,0.00,0.00,0.00,0.00,0.00,0.00,0.00,0.00,0.00,0.00,0.00,0.00,0.00,0.00,0.00,0.00,0.00,0.00,0.00,0.00,0.00,0.00,0.00,0.00,0.01,0.02,0.03,0.04,0.06,0.10,0.14,0.19,0.26,0.37,0.50,0.66,0.87,1.10,1.36,1.64,1.99,2.43,2.94,3.58,4.32,5.07,5.77,6.33,6.70,6.88,6.85,6.71,6.52,6.27,6.02,5.77,5.50,5.20,4.85,4.44,4.00,3.48,2.96,2.43,1.94,1.51,1.15,0.88,0.69,0.56,0.49,0.48,0.53,0.62,0.74,0.89,1.03,1.12,1.15,1.14,1.06,0.94,0.79,0.66,0.54,0.44,0.37,0.35,0.34,0.34,0.35,0.35,0.33,0.29,0.26,0.23,0.22,0.23,0.28,0.36,0.47,0.59,0.72,0.85,0.98,1.12,1.28,1.45,1.64,1.81,1.96,2.03,2.02,1.94,1.77,1.56,1.33,1.11,0.90,0.72,0.56,0.43,0.32,0.22,0.15,0.09,0.05,0.03,0.01,0.01,0.00,0.00,0.01,0.02,0.03,0.05,0.07,0.10,0.13,0.16,0.18,0.20,0.22,0.23,0.24,0.25,0.25,0.25,0.24,0.23,0.22,0.20,0.18,0.16,0.13,0.10,0.08,0.07,0.08,0.11,0.15,0.23,0.31,0.40,0.49,0.56,0.60,0.62,0.60,0.58,0.54,0.51,0.49,0.49,0.51,0.56,0.66,0.79,0.97,1.18,1.40,1.60,1.76,1.90,2.01,2.10,2.21,2.37,2.57,2.82,3.11,3.41,3.74,4.08,4.43,4.78,5.07,5.31,5.46,5.49,5.41,5.26,5.06,4.85,4.66,4.51,4.41,4.29,4.17,4.01,3.80,3.55,3.27,2.99,2.78,2.62,2.55,2.56,2.62,2.72,2.80,2.85,2.89,2.90,2.91,2.98,3.13,3.38,3.74,4.19,4.70,5.23,5.75,6.22,6.61,6.87,7.01,7.06,7.05,7.06,7.14,7.32,7.64,8.08,8.57,9.19,9.83,10.50,11.20,11.88,12.51,13.05,13.44,13.69,13.73,13.51,13.09,12.45,11.59,10.62,9.64,8.71,7.98,7.51,7.35,7.55,8.02,8.78,9.68,10.57,11.44,12.23,12.85,13.37,13.81,14.12,14.30,14.24,13.98,13.51,12.79,11.99,11.20,10.47,9.88,9.44,9.10,8.88,8.67,8.45,8.21,7.96,7.68,7.36,7.03,6.73,6.40,6.03,5.69,5.35,5.02,4.74,4.55,4.49,4.62,5.00,5.78,7.02,8.78,11.14,14.06,17.42,21.22,25.36,29.73,34.38,39.34,44.28,49.49,54.76,60.13,65.91,71.92,78.46,85.37,92.05,98.41,104.14,108.43,111.63,113.43,113.73,112.70,110.20,106.50,102.01,96.83,91.51,86.44,81.43,76.74,72.16,67.58,63.05,58.59,54.22,49.96,45.96,42.16,38.59,35.30,32.27,29.52,26.90,24.34,21.91,19.57,17.31,15.30,13.52,11.98,10.64,9.49,8.50,7.65,6.95,6.39,5.93,5.53,5.16,4.75,4.31,3.81,3.31,2.82,2.37,1.99,1.71,1.52,1.40,1.32,1.29,1.28,1.27,1.26,1.26,1.27,1.30,1.34,1.41,1.51,1.62,1.76,1.89,2.00,2.06,2.08,2.05,1.96,1.83,1.68,1.50,1.31,1.12,0.93,0.76,0.62,0.52,0.46,0.42,0.41,0.40,0.40,0.39,0.38,0.36,0.33,0.31,0.28,0.26,0.24,0.26,0.28,0.34,0.45,0.60,0.79,1.02,1.25,1.46,1.58,1.59,1.51,1.27,0.93,0.55,0.15,-0.22,-0.53,-0.74,-0.83,-0.83,-0.76,-0.61,-0.43,-0.26,-0.09,0.05,0.17,0.26,0.31,0.34,0.33,0.29,0.24,0.18,0.13,0.08,0.05,0.03,0.02,0.02,0.03,0.05,0.08,0.13,0.20,0.28,0.38,0.48,0.59,0.69,0.77,0.84,0.89,0.92,0.95,0.97,0.97,0.97,0.97,0.96,0.97,0.99,1.05,1.13,1.22,1.32,1.40,1.45,1.48,1.49,1.49,1.51,1.55,1.64,1.78,1.96,2.18,2.42,2.64,2.81,2.93,2.99,3.02,3.03,3.09,3.23,3.46,3.80,4.24,4.80,5.47,6.25,7.22,8.40,9.78,11.46,13.41,15.55,17.86,20.16,22.36,24.30,25.86,27.07,27.92,28.33,28.46,28.40,28.15,27.83,27.52,27.25,27.00,26.65,26.24,25.76,25.12,24.42,23.70,22.93,22.09,21.14,20.05,18.88,17.64,16.44,15.35,14.36,13.51,12.80,12.18,11.67,11.27,10.91,10.61,10.30,9.96,9.57,9.16,8.76,8.42,8.14,7.96,7.86,7.79,7.76,7.72,7.64,7.50,7.27,7.02,6.70,6.37,6.12,5.94,5.87,5.93,6.07,6.30,6.54,6.73,6.88,6.90,6.80,6.59,6.31,6.01,5.75,5.58,5.54,5.63,5.84,6.13,6.48,6.86,7.23,7.53,7.78,7.96,8.07,8.14,8.24,8.45,8.83,9.46,10.38,11.58,12.93,14.28,15.42,16.23,16.58,16.53,16.22,15.82,15.50,15.39,15.47,15.69,16.00,16.26,16.48,16.67,16.81,17.00,17.29,17.67,18.23,18.96,19.86,20.84,21.80,22.76,23.66,24.47,25.26,26.16,27.15,28.23,29.42
Confirmed,"","Isle of Man","United Kingdom",85032,10106,0.00,0.00,0.00,0.00,0.00,0.00,0.00,0.00,0.00,0.00,0.00,0.00,0.00,0.00,0.00,0.00,0.00,0.00,0.00,0.00,0.00,0.00,0.00,0.00,0.00,0.00,0.00,0.00,0.00,0.00,0.00,0.00,0.00,0.00,0.00,0.00,0.00,0.00,0.00,0.00,0.00,0.00,0.00,0.00,0.00,0.00,0.00,0.00,0.00,0.00,0.02,0.05,0.11,0.21,0.38,0.64,0.98,1.42,1.93,2.48,3.03,3.58,4.13,4.70,5.34,6.12,7.05,8.07,9.19,10.23,11.16,11.85,12.36,12.74,12.99,13.23,13.49,13.71,13.81,13.78,13.53,13.10,12.42,11.62,10.68,9.58,8.41,7.19,5.95,4.77,3.72,2.85,2.20,1.70,1.43,1.33,1.34,1.45,1.58,1.74,1.84,1.87,1.84,1.74,1.60,1.43,1.24,1.07,0.93,0.83,0.76,0.72,0.69,0.66,0.62,0.57,0.50,0.43,0.36,0.28,0.22,0.16,0.11,0.08,0.05,0.03,0.02,0.01,0.00,0.00,0.00,0.00,0.00,0.00,0.00,0.00,0.00,0.00,0.00,0.00,0.00,0.00,0.00,0.00,0.00,0.00,0.00,0.00,0.00,0.00,0.00,0.00,0.00,0.00,0.00,0.00,0.00,0.00,0.00,0.00,0.00,0.00,0.00,0.00,0.00,0.00,0.00,0.00,0.00,0.00,0.00,0.00,0.00,0.00,0.00,0.00,0.00,0.00,0.00,0.00,0.00,0.00,0.00,0.00,0.00,0.00,0.00,0.00,0.00,0.00,0.00,0.00,0.00,0.00,0.00,0.00,0.00,0.00,0.00,0.00,0.00,0.00,0.00,0.00,0.00,0.00,0.00,0.00,0.00,0.00,0.00,0.00,0.00,0.00,0.00,0.00,0.00,0.00,0.00,0.00,0.01,0.02,0.03,0.04,0.06,0.08,0.10,0.12,0.13,0.14,0.15,0.16,0.18,0.20,0.23,0.24,0.25,0.25,0.24,0.22,0.20,0.18,0.16,0.14,0.13,0.11,0.10,0.09,0.10,0.12,0.16,0.22,0.29,0.37,0.44,0.50,0.54,0.54,0.53,0.50,0.46,0.42,0.40,0.38,0.37,0.35,0.32,0.29,0.24,0.20,0.16,0.15,0.16,0.19,0.25,0.33,0.41,0.49,0.55,0.60,0.62,0.63,0.63,0.63,0.63,0.61,0.60,0.58,0.57,0.57,0.60,0.64,0.69,0.72,0.74,0.74,0.72,0.70,0.67,0.66,0.66,0.67,0.66,0.63,0.58,0.51,0.42,0.33,0.25,0.18,0.13,0.09,0.08,0.08,0.09,0.10,0.11,0.12,0.12,0.12,0.13,0.14,0.17,0.21,0.26,0.30,0.34,0.35,0.35,0.33,0.30,0.26,0.22,0.20,0.17,0.16,0.16,0.18,0.21,0.28,0.38,0.50,0.64,0.81,1.00,1.20,1.41,1.64,1.87,2.09,2.33,2.58,2.82,3.06,3.28,3.46,3.58,3.60,3.53,3.37,3.10,2.74,2.34,1.91,1.47,1.08,0.76,0.52,0.35,0.26,0.23,0.23,0.23,0.23,0.22,0.21,0.18,0.16,0.15,0.16,0.17,0.19,0.22,0.25,0.28,0.31,0.37,0.49,0.66,0.91,1.23,1.61,2.05,2.47,2.89,3.31,3.68,4.05,4.49,5.09,6.05,7.65,10.12,13.80,18.85,25.26,32.86,41.08,49.27,56.78,62.78,66.75,68.56,68.17,65.86,62.03,57.21,51.97,46.60,41.37,36.63,32.38,28.57,25.15,22.07,19.27,16.65,14.15,11.89,9.84,7.99,6.37,4.99,3.86,2.92,2.18,1.62,1.21,0.92,0.72,0.60,0.52,0.46,0.41,0.37,0.35,0.34,0.35,0.39,0.47,0.58,0.71,0.85,0.99,1.10,1.15,1.15,1.10,1.00,0.88,0.76,0.66,0.57,0.51,0.47,0.43,0.38,0.33,0.27,0.21,0.15,0.10,0.06,0.04,0.03,0.04,0.04,0.06,0.08,0.10,0.11,0.11,0.11,0.10,0.09,0.08,0.07,0.08,0.09,0.13,0.17,0.23,0.30,0.37,0.45,0.53,0.59,0.64,0.66,0.65,0.61,0.55,0.48,0.40,0.32,0.25,0.18,0.13,0.10,0.08,0.08,0.11,0.16,0.24,0.35,0.49,0.64,0.81,1.00,1.23,1.48,1.78,2.14,2.56,2.99,3.47,3.92,4.38,4.89,5.51,6.49,7.74,9.78,13.01,17.56,23.96,32.85,44.85,59.78,77.66,98.80,122.00,145.24,167.56,186.67,200.59,207.52,206.36,199.30,185.46,166.96,148.40,131.49,118.19,110.86,109.12,112.49,117.86,121.80,124.98,124.12,118.81,111.45,102.83,93.75,85.61,78.23,72.56,67.92,63.56,60.62,58.05,55.96,54.22,52.75,51.48,50.23,49.11,47.96,46.71,45.43,44.03,42.35,40.56,38.68,36.76,34.99,33.48,32.27,31.32,30.56,29.94,29.37,28.67,27.86,26.93,25.88,24.71,23.67,22.85,22.29,22.16,22.48,23.23,24.33,25.75,27.45,29.35,31.29,33.19,35.03,36.55,37.68,38.43,38.82,38.93,39.06,39.40,40.27,41.83,44.00,46.73,49.66,52.52,55.23,57.60,59.76,61.97,64.28,66.83,69.48,72.25,75.02,77.57,79.91,81.97,83.54,84.60,84.93,84.60,83.66,82.03,79.96,77.41,74.42,70.93,66.95,62.63,58.17,53.68,49.55,46.01,43.18,41.22,39.95,39.58,39.84,40.46,41.49
Confirmed,"","Montserrat","United Kingdom",4999,41,0.00,0.00,0.00,0.00,0.00,0.00,0.00,0.00,0.00,0.00,0.00,0.00,0.00,0.00,0.00,0.00,0.00,0.00,0.00,0.00,0.00,0.00,0.00,0.00,0.00,0.00,0.00,0.00,0.00,0.00,0.00,0.00,0.00,0.00,0.00,0.00,0.00,0.00,0.00,0.00,0.00,0.00,0.00,0.00,0.00,0.00,0.00,0.00,0.01,0.02,0.03,0.04,0.06,0.08,0.11,0.13,0.14,0.17,0.21,0.25,0.30,0.36,0.42,0.46,0.46,0.46,0.42,0.37,0.32,0.30,0.29,0.30,0.33,0.37,0.41,0.44,0.45,0.45,0.44,0.41,0.38,0.35,0.31,0.27,0.22,0.17,0.13,0.08,0.05,0.03,0.02,0.01,0.00,0.00,0.00,0.00,0.00,0.00,0.00,0.00,0.00,0.00,0.00,0.00,0.00,0.00,0.00,0.00,0.00,0.00,0.00,0.00,0.00,0.00,0.00,0.00,0.00,0.00,0.00,0.00,0.00,0.00,0.00,0.00,0.00,0.00,0.00,0.00,0.00,0.00,0.00,0.00,0.00,0.00,0.00,0.00,0.00,0.00,0.00,0.00,0.00,0.00,0.00,0.00,0.00,0.00,0.00,0.00,0.00,0.00,0.00,0.00,0.00,0.00,0.00,0.00,0.00,0.00,0.00,0.00,0.00,0.00,0.00,0.01,0.02,0.03,0.04,0.06,0.08,0.10,0.11,0.11,0.11,0.10,0.08,0.06,0.04,0.03,0.02,0.01,0.00,0.00,0.00,0.00,0.00,0.01,0.02,0.03,0.04,0.06,0.08,0.10,0.11,0.11,0.11,0.10,0.08,0.06,0.04,0.03,0.02,0.01,0.00,0.00,0.00,0.00,0.00,0.00,0.00,0.00,0.00,0.00,0.00,0.00,0.00,0.00,0.00,0.00,0.00,0.00,0.00,0.00,0.00,0.00,0.00,0.00,0.00,0.00,0.00,0.00,0.00,0.00,0.00,0.00,0.00,0.00,0.00,0.00,0.00,0.00,0.00,0.00,0.00,0.00,0.00,0.00,0.00,0.00,0.00,0.00,0.00,0.00,0.00,0.00,0.00,0.00,0.00,0.00,0.00,0.00,0.00,0.00,0.00,0.00,0.00,0.00,0.00,0.00,0.00,0.00,0.00,0.00,0.00,0.00,0.00,0.00,0.00,0.00,0.00,0.00,0.00,0.00,0.00,0.00,0.00,0.00,0.00,0.00,0.00,0.00,0.00,0.00,0.00,0.00,0.00,0.00,0.00,0.00,0.00,0.00,0.00,0.00,0.00,0.00,0.00,0.00,0.00,0.00,0.00,0.00,0.00,0.00,0.00,0.00,0.00,0.00,0.00,0.00,0.00,0.00,0.00,0.00,0.00,0.00,0.00,0.00,0.00,0.00,0.00,0.00,0.00,0.00,0.00,0.00,0.00,0.00,0.00,0.00,0.00,0.00,0.00,0.00,0.00,0.00,0.00,0.00,0.00,0.00,0.00,0.00,0.00,0.00,0.00,0.00,0.00,0.00,0.00,0.00,0.00,0.00,0.00,0.00,0.00,0.00,0.00,0.00,0.00,0.00,0.00,0.00,0.00,0.00,0.01,0.03,0.05,0.09,0.16,0.24,0.33,0.43,0.52,0.59,0.63,0.63,0.60,0.54,0.47,0.40,0.33,0.27,0.21,0.16,0.11,0.08,0.05,0.03,0.02,0.01,0.00,0.00,0.00,0.00,0.00,0.00,0.00,0.00,0.00,0.00,0.00,0.00,0.00,0.00,0.00,0.00,0.00,0.00,0.00,0.00,0.00,0.00,0.00,0.00,0.00,0.00,0.00,0.00,0.00,0.00,0.00,0.00,0.00,0.00,0.00,0.00,0.00,0.00,0.00,0.00,0.00,0.00,0.00,0.00,0.00,0.00,0.00,0.00,0.00,0.00,0.00,0.00,0.00,0.00,0.00,0.00,0.00,0.00,0.00,0.00,0.00,0.00,0.00,0.00,0.00,0.00,0.00,0.00,0.00,0.00,0.00,0.00,0.00,0.00,0.00,0.00,0.00,0.00,0.00,0.00,0.00,0.00,0.00,0.00,0.00,0.00,0.00,0.00,0.00,0.00,0.00,0.00,0.00,0.00,0.00,0.00,0.00,0.00,0.00,0.00,0.00,0.00,0.00,0.00,0.00,0.00,0.00,0.00,0.00,0.00,0.00,0.00,0.00,0.00,0.00,0.00,0.00,0.00,0.00,0.00,0.00,0.00,0.00,0.00,0.00,0.00,0.00,0.00,0.00,0.00,0.00,0.00,0.00,0.01,0.02,0.03,0.04,0.06,0.08,0.10,0.11,0.11,0.11,0.10,0.08,0.06,0.04,0.03,0.02,0.01,0.00,0.00,0.00,0.00,0.00,0.00,0.00,0.01,0.02,0.03,0.04,0.06,0.08,0.10,0.11,0.12,0.13,0.12,0.13,0.13,0.14,0.16,0.18,0.20,0.24,0.26,0.28,0.29,0.30,0.30,0.29,0.29,0.30,0.33,0.35,0.39,0.44,0.47,0.48,0.49,0.48,0.45,0.41,0.35,0.30,0.24,0.18,0.14,0.10,0.07,0.07,0.07,0.10,0.13,0.16,0.19,0.21,0.22,0.21,0.19,0.16,0.13,0.10,0.09,0.09,0.10,0.14,0.20,0.28,0.37,0.48,0.59,0.69,0.76,0.77,0.76,0.70,0.59,0.48,0.36,0.26,0.18,0.11,0.07,0.04,0.02,0.01,0.00,0.00,0.00,0.00,0.00,0.00,0.00,0.00,0.00,0.00,0.00,0.00,0.00,0.00,0.00,0.00,0.00,0.00,0.00,0.00,0.00,0.00,0.00,0.00
Confirmed,"","Northern Ireland","United Kingdom",1881600,287224,0.00,0.00,0.00,0.00,0.00,0.00,0.00,0.00,0.00,0.00,0.00,0.00,0.00,0.00,0.00,0.00,0.00,0.00,0.00,0.00,0.00,0.00,0.00,0.00,0.00,0.00,0.00,0.00,0.00,0.00,0.00,0.00,0.00,0.00,0.00,0.00,0.00,0.00,0.00,0.00,0.00,0.00,0.00,0.00,0.00,0.00,0.00,0.00,0.00,0.00,0.00,0.00,0.00,0.00,0.00,0.00,0.00,0.00,0.00,0.00,0.00,0.00,0.00,0.00,0.00,0.00,0.00,0.00,0.00,0.00,0.00,0.00,0.00,0.00,0.00,0.00,0.00,0.00,0.00,0.00,0.00,0.00,0.00,0.00,0.00,0.00,0.00,0.00,0.00,0.00,0.00,0.00,0.00,0.00,0.00,0.00,0.00,0.00,0.00,0.00,0.00,0.00,0.00,0.00,0.00,0.00,0.00,0.00,0.00,0.00,0.00,0.00,0.00,0.00,0.00,0.00,0.00,0.00,0.00,0.00,0.00,0.00,0.00,0.00,0.00,0.00,0.00,0.00,0.00,0.00,0.00,9.64,19.32,38.65,77.31,130.51,203.08,290.24,382.33,469.69,528.18,543.24,529.26,471.76,385.13,293.47,206.49,133.83,80.42,41.45,21.78,11.80,3.67,5.17,8.51,15.38,24.87,37.86,53.44,68.14,83.74,92.36,91.46,86.42,72.70,54.76,37.82,23.55,16.27,15.12,14.03,19.12,23.36,23.23,23.15,21.15,18.10,15.78,12.43,10.66,10.53,8.65,8.51,8.36,8.31,8.34,8.42,8.66,9.00,9.45,10.08,10.96,11.97,13.22,14.54,15.96,17.61,19.21,21.00,23.18,25.52,28.16,31.11,34.09,37.14,40.02,42.29,44.16,45.67,46.68,47.80,49.17,51.08,53.70,56.66,59.68,62.70,65.12,66.81,68.00,68.78,69.55,70.72,72.35,74.57,77.27,79.87,82.10,83.73,84.84,85.80,87.02,88.99,92.25,96.99,103.31,110.86,119.43,128.61,137.72,146.66,155.58,164.80,174.69,187.08,201.77,219.54,241.92,269.06,301.93,340.60,384.67,433.76,486.26,538.79,592.47,646.27,697.33,747.74,795.84,839.77,879.27,912.42,939.36,961.40,977.14,988.29,996.72,1000.27,1001.20,1000.15,996.41,989.55,979.71,964.59,943.46,916.32,883.50,847.30,808.99,770.81,734.28,701.18,670.27,643.47,620.52,600.32,583.96,570.96,560.80,554.28,550.41,548.12,546.53,543.25,537.84,528.87,515.78,500.56,483.27,463.52,443.44,423.21,403.82,386.33,371.79,362.29,357.31,355.29,357.14,361.48,366.63,373.17,380.77,389.08,397.83,405.93,413.57,420.73,426.89,433.44,440.38,448.13,456.86,466.32,476.38,487.48,497.80,507.20,514.51,520.15,522.14,520.80,522.81,531.97,552.20,600.07,675.97,781.61,916.16,1065.24,1221.49,1368.15,1491.08,1590.38,1660.05,1691.69,1700.51,1681.66,1638.51,1578.15,1504.42,1423.35,1340.84,1257.88,1181.41,1112.25,1046.34,988.91,936.76,890.72,848.09,811.09,777.12,744.00,712.38,680.51,648.52,618.74,590.74,566.07,545.14,525.79,508.34,491.79,475.68,460.42,445.25,430.38,415.33,399.29,382.67,365.94,349.71,334.86,322.11,311.79,303.49,297.45,293.51,290.50,287.92,285.46,281.73,276.65,269.87,261.78,252.92,242.99,232.72,222.31,211.80,201.79,192.67,185.06,179.33,175.19,172.96,172.02,172.01,172.78,173.52,173.84,173.72,172.24,169.71,166.60,162.76,159.02,155.56,152.39,149.94,147.87,146.24,145.40,144.67,143.93,142.96,140.91,137.83,133.48,127.95,121.65,114.66,107.63,100.88,94.74,90.00,87.11,86.07,87.22,89.91,93.68,97.83,101.63,104.96,107.39,108.83,109.49,109.33,108.50,107.30,105.71,103.98,102.12,100.16,98.21,96.27,94.54,93.20,92.12,91.27,90.60,89.90,88.94,87.91,86.99,86.19,85.74,85.45,85.65,86.06,86.31,86.61,86.80,86.65,86.28,85.81,85.45,85.40,85.30,85.46,85.54,85.08,84.08,82.48,80.37,78.14,75.82,73.64,71.90,70.28,69.06,68.25,67.95,68.29,69.24,70.73,72.75,75.19,77.88,80.98,84.40,88.07,92.04,96.30,100.92,106.12,111.93,118.40,125.55,133.15,140.87,148.67,156.86,165.82,175.70,186.90,199.95,214.68,230.59,247.89,267.13,288.09,310.55,334.60,360.71,387.51,413.82,439.74,465.32,489.92,513.99,538.46,568.94,605.36,651.21,709.77,780.14,861.78,948.97,1036.44,1122.70,1200.43,1262.16,1310.44,1340.83,1355.42,1355.31,1343.69,1327.28,1309.33,1286.55,1264.89,1245.15,1225.07,1209.25,1198.81,1197.64,1204.87,1218.33,1235.82,1256.58,1276.95,1296.22,1316.54,1338.66,1360.65,1385.40,1413.03,1443.59,1478.77,1515.80,1555.07,1592.30,1620.77,1639.54,1648.02,1644.11,1629.33,1607.16,1579.71,1546.01,1507.68,1468.82,1431.72,1400.99,1379.99,1372.50,1380.07,1397.52,1422.09,1449.93,1471.16,1483.99,1485.97,1472.33,1448.34,1415.49,1375.67,1333.59,1289.32,1244.81,1206.09,1166.45,1131.16,1104.46,1081.38,1065.59,1057.30,1054.91,1060.62,1070.37,1078.65,1091.72,1101.02,1105.64,1110.08,1114.00,1120.25,1132.07,1145.84,1164.56,1185.62,1202.37,1218.64,1231.43,1240.92,1247.14,1250.55,1251.32,1249.28,1244.63,1239.21,1234.28,1229.32,1224.70,1220.54,1215.51,1207.99,1199.48,1190.48,1182.03,1173.16,1164.99,1158.11,1150.75,1144.29,1140.92,1139.89,1142.37,1149.37,1158.64,1171.70,1186.40,1203.16,1223.30,1244.25,1266.46
Confirmed,"","Saint Helena, Ascension and Tristan da Cunha","United Kingdom",5661,4,0.00,0.00,0.00,0.00,0.00,0.00,0.00,0.00,0.00,0.00,0.00,0.00,0.00,0.00,0.00,0.00,0.00,0.00,0.00,0.00,0.00,0.00,0.00,0.00,0.00,0.00,0.00,0.00,0.00,0.00,0.00,0.00,0.00,0.00,0.00,0.00,0.00,0.00,0.00,0.00,0.00,0.00,0.00,0.00,0.00,0.00,0.00,0.00,0.00,0.00,0.00,0.00,0.00,0.00,0.00,0.00,0.00,0.00,0.00,0.00,0.00,0.00,0.00,0.00,0.00,0.00,0.00,0.00,0.00,0.00,0.00,0.00,0.00,0.00,0.00,0.00,0.00,0.00,0.00,0.00,0.00,0.00,0.00,0.00,0.00,0.00,0.00,0.00,0.00,0.00,0.00,0.00,0.00,0.00,0.00,0.00,0.00,0.00,0.00,0.00,0.00,0.00,0.00,0.00,0.00,0.00,0.00,0.00,0.00,0.00,0.00,0.00,0.00,0.00,0.00,0.00,0.00,0.00,0.00,0.00,0.00,0.00,0.00,0.00,0.00,0.00,0.00,0.00,0.00,0.00,0.00,0.00,0.00,0.00,0.00,0.00,0.00,0.00,0.00,0.00,0.00,0.00,0.00,0.00,0.00,0.00,0.00,0.00,0.00,0.00,0.00,0.00,0.00,0.00,0.00,0.00,0.00,0.00,0.00,0.00,0.00,0.00,0.00,0.00,0.00,0.00,0.00,0.00,0.00,0.00,0.00,0.00,0.00,0.00,0.00,0.00,0.00,0.00,0.00,0.00,0.00,0.00,0.00,0.00,0.00,0.00,0.00,0.00,0.00,0.00,0.00,0.00,0.00,0.00,0.00,0.00,0.00,0.00,0.00,0.00,0.00,0.00,0.00,0.00,0.00,0.00,0.00,0.00,0.00,0.00,0.00,0.00,0.00,0.00,0.00,0.00,0.00,0.00,0.00,0.00,0.01,0.02,0.03,0.05,0.08,0.12,0.16,0.19,0.22,0.22,0.22,0.19,0.16,0.12,0.08,0.05,0.03,0.02,0.01,0.00,0.00,0.00,0.00,0.00,0.00,0.00,0.00,0.00,0.00,0.00,0.00,0.00,0.00,0.00,0.00,0.00,0.00,0.00,0.00,0.00,0.00,0.00,0.00,0.00,0.00,0.00,0.00,0.00,0.00,0.00,0.00,0.00,0.00,0.00,0.00,0.00,0.00,0.00,0.00,0.00,0.00,0.00,0.00,0.00,0.00,0.00,0.00,0.00,0.00,0.00,0.00,0.01,0.02,0.03,0.04,0.06,0.08,0.10,0.11,0.11,0.11,0.10,0.08,0.06,0.04,0.03,0.02,0.01,0.00,0.00,0.00,0.00,0.00,0.00,0.00,0.00,0.00,0.00,0.00,0.00,0.00,0.00,0.00,0.00,0.00,0.00,0.00,0.00,0.00,0.01,0.02,0.03,0.04,0.06,0.08,0.10,0.11,0.11,0.11,0.10,0.08,0.06,0.04,0.03,0.02,0.01,0.00,0.00,0.00,0.00,0.00,0.00,0.00,0.00,0.00,0.00,0.00,0.00,0.00,0.00,0.00,0.00,0.00,0.00,0.00,0.00,0.00,0.00,0.00,0.00,0.00,0.00,0.00,0.00,0.00,0.00,0.00,0.00,0.00,0.00,0.00,0.00,0.00,0.00,0.00,0.00,0.00,0.00,0.00,0.00,0.00,0.00,0.00,0.00,0.00,0.00,0.00,0.00,0.00,0.00,0.00,0.00,0.00,0.00,0.00,0.00,0.00,0.00,0.00,0.00,0.00,0.00,0.00,0.00,0.00,0.00,0.00,0.00,0.00,0.00,0.00,0.00,0.00,0.00,0.00,0.00,0.00,0.00,0.00,0.00,0.00,0.00,0.00,0.00,0.00,0.00,0.00,0.00,0.00,0.00,0.00,0.00,0.00,0.00,0.00,0.00,0.00,0.00,0.00,0.00,0.00,0.00,0.00,0.00,0.00,0.00,0.00,0.00,0.00,0.00,0.00,0.00,0.00,0.00,0.00,0.00,0.00,0.00,0.00,0.00,0.00,0.00,0.00,0.00,0.00,0.00,0.00,0.00,0.00,0.00,0.00,0.00,0.00,0.00,0.00,0.00,0.00,0.00,0.00,0.00,0.00,0.00,0.00,0.00,0.00,0.00,0.00,0.00,0.00,0.00,0.00,0.00,0.00,0.00,0.00,0.00,0.00,0.00,0.00,0.00,0.00,0.00,0.00,0.00,0.00,0.00,0.00,0.00,0.00,0.00,0.00,0.00,0.00,0.00,0.00,0.00,0.00,0.00,0.00,0.00,0.00,0.00,0.00,0.00,0.00,0.00,0.00,0.00,0.00,0.00,0.00,0.00,0.00,0.00,0.00,0.00,0.00,0.00,0.00,0.00,0.00,0.00,0.00,0.00,0.00,0.00,0.00,0.00,0.00,0.00,0.00,0.00,0.00,0.00,0.00,0.00,0.00,0.00,0.00,0.00,0.00,0.00,0.00,0.00,0.00,0.00,0.00,0.00,0.00,0.00,0.00,0.00,0.00,0.00,0.00,0.00,0.00,0.00,0.00,0.00,0.00,0.00,0.00,0.00,0.00,0.00,0.00,0.00,0.00,0.00,0.00,0.00,0.00,0.00,0.00,0.00,0.00,0.00,0.00,0.00,0.00,0.00,0.00,0.00,0.00,0.00,0.00,0.00,0.00,0.00,0.00,0.00,0.00,0.00,0.00,0.00,0.00,0.00,0.00,0.00,0.00,0.00,0.00,0.00,0.00,0.00,0.00,0.00,0.00,0.00,0.00,0.00,0.00,0.00,0.00,0.00,0.00,0.00,0.00,0.00,0.00,0.00,0.00,0.00,0.00,0.00,0.00,0.00,0.00
Confirmed,"","Scotland","United Kingdom",5463300,670729,0.00,0.00,0.00,0.00,0.00,0.00,0.00,0.00,0.00,0.00,0.00,0.00,0.00,0.00,0.00,0.00,0.00,0.00,0.00,0.00,0.00,0.00,0.00,0.00,0.00,0.00,0.00,0.00,0.00,0.00,0.00,0.00,0.00,0.00,0.00,0.00,0.00,0.00,0.00,0.00,0.00,0.00,0.00,0.00,0.00,0.00,0.00,0.00,0.00,0.00,0.00,0.00,0.00,0.00,0.00,0.00,0.00,0.00,0.00,0.00,0.00,0.00,0.00,0.00,0.00,0.00,0.00,0.00,0.00,0.00,0.00,0.00,0.00,0.00,0.00,0.00,0.00,0.00,0.00,0.00,0.00,0.00,0.00,0.00,0.00,0.00,0.00,0.00,0.00,0.00,0.00,0.00,0.00,0.00,0.00,0.00,0.00,0.00,0.00,0.00,0.00,0.00,0.00,0.00,0.00,0.00,0.00,0.00,0.00,0.00,0.00,0.00,0.00,0.00,0.00,0.00,0.00,0.00,0.00,0.00,0.00,0.00,0.00,0.00,0.00,0.00,0.00,0.00,0.00,0.00,0.00,31.36,62.78,125.61,251.26,423.98,659.66,942.55,1241.12,1524.11,1712.94,1760.47,1713.69,1525.60,1243.51,946.02,664.29,430.00,258.65,134.17,72.13,41.02,14.29,18.59,27.45,45.99,72.03,107.89,151.36,192.59,236.53,261.10,258.92,244.61,205.90,155.05,106.68,65.68,44.33,40.14,35.84,48.71,59.04,57.14,55.29,48.63,39.59,33.06,23.97,19.70,20.12,15.35,15.34,15.17,14.93,14.77,14.94,15.48,16.48,18.09,20.30,23.00,26.07,29.55,33.04,36.24,39.22,41.38,42.80,43.62,43.96,44.41,45.02,46.04,47.97,50.19,52.50,55.48,58.49,61.38,64.37,67.10,69.52,71.45,72.95,74.80,77.35,80.87,86.30,93.39,101.75,110.85,120.01,128.69,136.52,143.51,149.32,154.81,159.82,164.63,169.49,174.94,181.03,187.95,196.06,205.74,217.10,229.75,244.84,261.89,281.30,304.13,329.75,357.66,387.61,417.96,448.38,477.74,506.27,536.67,567.78,600.33,636.20,674.05,713.39,754.77,797.81,842.71,888.33,933.48,976.95,1017.80,1054.57,1085.94,1111.39,1130.00,1143.76,1154.79,1165.57,1181.68,1206.54,1236.69,1270.74,1302.91,1326.55,1337.43,1333.13,1317.48,1293.74,1264.32,1236.28,1211.49,1190.22,1175.77,1167.27,1164.67,1165.87,1167.40,1169.84,1169.01,1163.87,1158.49,1151.78,1145.11,1139.30,1133.93,1128.35,1120.30,1108.65,1095.59,1077.64,1056.38,1033.97,1009.26,985.12,961.97,940.00,920.55,900.76,880.10,861.20,841.99,825.56,814.21,806.39,803.25,802.94,803.59,806.72,811.27,817.78,827.05,836.13,844.34,850.11,850.74,849.02,847.63,849.80,860.75,881.52,914.16,958.17,1006.37,1057.02,1108.69,1158.76,1213.05,1276.41,1356.52,1457.71,1576.96,1708.33,1842.47,1966.04,2069.18,2146.45,2195.04,2217.49,2216.92,2197.47,2162.17,2117.37,2065.30,2010.08,1953.97,1898.46,1843.73,1788.63,1730.71,1672.76,1616.12,1558.37,1503.78,1450.30,1398.04,1347.06,1295.73,1247.53,1204.47,1163.50,1127.56,1095.10,1064.35,1035.10,1006.10,979.60,955.59,932.89,912.23,893.82,876.89,862.74,849.83,840.80,834.91,830.33,827.58,825.49,823.92,822.97,819.74,815.00,809.47,798.71,784.45,766.35,744.13,718.79,690.08,659.52,630.03,600.90,574.60,553.44,536.50,525.18,518.70,516.79,519.47,525.75,534.41,544.98,554.97,563.84,570.06,573.34,574.80,573.78,570.88,567.08,561.69,555.09,548.14,540.82,534.16,527.03,519.30,511.02,500.39,487.39,473.23,457.73,440.97,423.60,405.82,387.54,368.84,350.62,333.80,318.65,305.04,293.27,283.66,275.05,267.82,262.23,257.62,253.84,250.45,246.75,242.93,238.37,232.98,227.28,220.76,213.68,206.25,198.60,191.14,184.73,179.07,174.56,171.32,169.08,168.23,169.10,171.73,176.52,183.87,192.35,202.23,213.12,224.28,235.68,246.79,257.55,268.59,279.04,289.06,300.53,312.49,325.15,338.69,352.78,367.64,383.11,399.77,419.02,440.67,464.02,489.93,517.36,546.50,577.96,610.73,645.53,680.63,713.94,744.70,772.45,797.48,821.63,844.88,869.68,896.70,923.67,953.51,987.60,1027.73,1076.05,1140.82,1225.08,1333.25,1465.47,1622.47,1801.02,1989.82,2182.61,2375.92,2563.15,2735.67,2895.11,3030.76,3137.41,3204.39,3228.47,3214.72,3167.53,3095.60,3013.04,2926.68,2838.27,2752.40,2664.22,2578.85,2493.98,2409.83,2326.90,2244.52,2160.58,2073.42,1982.63,1887.80,1794.70,1698.53,1598.66,1497.16,1393.42,1289.17,1190.61,1104.58,1039.34,999.95,980.04,983.62,1005.43,1035.32,1069.81,1105.19,1137.83,1168.71,1194.46,1217.73,1246.50,1280.01,1324.45,1385.11,1467.06,1574.38,1711.80,1880.81,2081.24,2314.47,2569.63,2844.73,3132.51,3434.00,3748.43,4068.77,4392.06,4708.86,5004.87,5267.39,5489.03,5669.87,5822.13,5940.52,6035.68,6117.42,6175.62,6204.37,6203.84,6153.89,6069.86,5936.99,5743.22,5519.65,5265.17,4992.45,4733.95,4496.99,4300.29,4152.48,4019.28,3913.15,3822.95,3719.15,3607.12,3489.70,3359.70,3231.20,3097.44,2969.13,2859.41,2754.73,2665.63,2593.60,2534.57,2487.20,2454.22,2435.30,2426.88,2425.66,2429.82,2433.20,2434.60,2435.61,2438.77,2447.69,2459.06,2473.84,2490.69,2504.26,2513.95,2519.99,2520.66,2520.04,2514.82,2506.87,2502.22,2501.62,2507.20,2520.25,2543.08,2572.29,2600.45,2625.49,2653.02,2674.95,2691.50,2706.82,2722.78,2737.30,2746.61,2756.90,2773.98,2789.69,2804.51
Confirmed,"","Turks and Caicos Islands","United Kingdom",38718,3021,0.00,0.00,0.00,0.00,0.00,0.00,0.00,0.00,0.00,0.00,0.00,0.00,0.00,0.00,0.00,0.00,0.00,0.00,0.00,0.00,0.00,0.00,0.00,0.00,0.00,0.00,0.00,0.00,0.00,0.00,0.00,0.00,0.00,0.00,0.00,0.00,0.00,0.00,0.00,0.00,0.00,0.00,0.00,0.00,0.00,0.00,0.00,0.00,0.00,0.00,0.00,0.00,0.00,0.00,0.00,0.00,0.01,0.02,0.03,0.07,0.12,0.19,0.27,0.37,0.46,0.54,0.58,0.59,0.57,0.52,0.47,0.43,0.40,0.39,0.39,0.40,0.40,0.39,0.39,0.38,0.37,0.36,0.35,0.33,0.30,0.26,0.21,0.17,0.13,0.10,0.08,0.08,0.08,0.09,0.10,0.11,0.11,0.11,0.10,0.08,0.06,0.04,0.03,0.02,0.01,0.00,0.00,0.00,0.00,0.00,0.00,0.00,0.00,0.00,0.00,0.00,0.00,0.00,0.00,0.00,0.00,0.00,0.00,0.00,0.00,0.00,0.00,0.00,0.00,0.00,0.00,0.00,0.00,0.00,0.00,0.00,0.00,0.00,0.00,0.00,0.00,0.00,0.01,0.02,0.03,0.06,0.09,0.14,0.22,0.33,0.45,0.64,0.92,1.25,1.67,2.13,2.60,2.99,3.23,3.30,3.24,3.02,2.74,2.53,2.40,2.38,2.48,2.62,2.76,2.84,2.78,2.64,2.39,2.10,1.82,1.60,1.49,1.50,1.59,1.75,1.95,2.15,2.33,2.46,2.56,2.60,2.63,2.67,2.77,2.91,3.27,3.75,4.44,5.50,6.75,8.21,9.79,11.27,12.58,13.63,14.20,14.55,14.58,14.32,13.94,13.44,12.89,12.58,12.31,12.24,12.60,13.13,13.87,14.75,15.66,16.56,17.14,17.25,17.25,16.86,16.21,15.54,14.95,14.37,13.79,13.03,12.27,11.40,10.37,9.42,8.51,7.66,6.87,6.14,5.46,4.91,4.41,4.02,3.66,3.37,3.09,2.82,2.59,2.40,2.26,2.15,2.05,1.99,1.93,1.89,1.86,1.80,1.73,1.60,1.42,1.21,0.97,0.75,0.56,0.40,0.30,0.24,0.21,0.20,0.21,0.22,0.24,0.26,0.28,0.30,0.32,0.34,0.37,0.41,0.46,0.50,0.52,0.54,0.53,0.50,0.46,0.43,0.40,0.39,0.41,0.44,0.50,0.60,0.71,0.85,1.00,1.16,1.30,1.40,1.48,1.52,1.54,1.60,1.72,1.93,2.21,2.53,2.84,3.02,3.01,2.87,2.55,2.13,1.71,1.35,1.07,0.92,0.85,0.88,0.97,1.07,1.22,1.36,1.50,1.63,1.71,1.77,1.80,1.79,1.78,1.82,1.93,2.16,2.53,3.02,3.58,4.16,4.76,5.33,5.89,6.42,7.00,7.55,8.02,8.45,8.83,9.05,9.14,9.21,9.20,9.24,9.34,9.57,9.97,10.43,10.85,11.32,11.64,11.83,12.14,12.49,12.96,13.68,14.51,15.41,16.53,17.68,19.17,20.87,22.55,24.44,26.14,27.44,28.52,29.31,29.72,29.91,29.63,29.12,28.49,27.72,27.28,27.43,28.06,29.11,30.32,31.23,31.77,31.54,30.57,29.13,27.28,25.32,23.57,22.25,21.46,21.21,21.15,21.21,20.91,20.16,19.06,17.63,16.09,14.74,13.57,12.69,12.03,11.49,11.15,10.74,10.22,9.70,9.03,8.27,7.63,7.13,6.94,7.00,7.29,7.79,8.32,8.74,9.11,9.28,9.32,9.19,8.86,8.45,7.91,7.24,6.53,5.81,5.12,4.51,3.95,3.55,3.23,2.96,2.76,2.54,2.32,2.09,1.87,1.73,1.67,1.70,1.84,2.00,2.13,2.26,2.28,2.22,2.11,1.93,1.73,1.54,1.35,1.24,1.18,1.18,1.25,1.34,1.48,1.63,1.77,1.90,2.00,2.08,2.12,2.12,2.08,2.00,1.87,1.70,1.49,1.27,1.04,0.83,0.66,0.51,0.42,0.35,0.33,0.33,0.36,0.41,0.46,0.51,0.55,0.58,0.59,0.62,0.65,0.71,0.78,0.86,0.94,1.00,1.02,1.01,0.97,0.90,0.81,0.71,0.61,0.52,0.44,0.38,0.33,0.30,0.29,0.28,0.27,0.26,0.24,0.22,0.20,0.18,0.16,0.15,0.13,0.11,0.10,0.09,0.08,0.09,0.10,0.11,0.12,0.13,0.16,0.20,0.26,0.37,0.53,0.73,0.97,1.23,1.49,1.73,1.94,2.12,2.27,2.37,2.44,2.48,2.45,2.39,2.31,2.19,2.10,2.04,2.05,2.12,2.24,2.41,2.58,2.71,2.83,2.94,3.07,3.28,3.58,4.03,4.56,5.09,5.64,6.11,6.42,6.65,6.69,6.58,6.41,6.10,5.82,5.63,5.51,5.56,5.70,5.82,5.97,6.04,5.99,5.97,5.90,5.85,5.82,5.77,5.79,5.87,6.00,6.29,6.70,7.14,7.63,8.05,8.38,8.61,8.67,8.63,8.56,8.37,8.14,7.93,7.67,7.37,7.01,6.57,6.12,5.65,5.18,4.85,4.61,4.38,4.25,4.13,4.04,4.02,4.03,4.19,4.43,4.68,4.94,5.13,5.21,5.19,5.04,4.81,4.57,4.32,4.09,3.98,3.94,3.97,4.06,4.17,4.27,4.35,4.40,4.46,4.45,4.38,4.29,4.14,3.96,3.83,3.75,3.75,3.83,3.92,4.07,4.19,4.27,4.35,4.36,4.31,4.24,4.10,3.92,3.75,3.56,3.42,3.27
Confirmed,"","Wales","United Kingdom",3138600,463279,0.00,0.00,0.00,0.00,0.00,0.00,0.00,0.00,0.00,0.00,0.00,0.00,0.00,0.00,0.00,0.00,0.00,0.00,0.00,0.00,0.00,0.00,0.00,0.00,0.00,0.00,0.00,0.00,0.00,0.00,0.00,0.00,0.00,0.00,0.00,0.00,0.00,0.00,0.00,0.00,0.00,0.00,0.00,0.00,0.00,0.00,0.00,0.00,0.00,0.00,0.00,0.00,0.00,0.00,0.00,0.00,0.00,0.00,0.00,0.00,0.00,0.00,0.00,0.00,0.00,0.00,0.00,0.00,0.00,0.00,0.00,0.00,0.00,0.00,0.00,0.00,0.00,0.00,0.00,0.00,0.00,0.00,0.00,0.00,0.00,0.00,0.00,0.00,0.00,0.00,0.00,0.00,0.00,0.00,0.00,0.00,0.00,0.00,0.00,0.00,0.00,0.00,0.00,0.00,0.00,0.00,0.00,0.00,0.00,0.00,0.00,0.00,0.00,0.00,0.00,0.00,0.00,0.00,0.00,0.00,0.00,0.00,0.00,0.00,0.00,0.00,0.00,0.00,0.00,0.00,0.00,29.16,58.48,117.05,234.17,395.56,615.89,880.80,1161.28,1428.17,1608.46,1658.11,1620.20,1450.90,1193.40,920.49,661.46,445.67,288.04,174.39,118.98,92.60,66.01,67.55,68.01,66.98,64.74,61.44,57.14,52.10,47.01,41.67,36.29,31.23,28.26,25.96,25.94,30.07,37.58,49.22,63.90,80.02,95.61,106.40,109.78,108.19,99.14,85.25,70.62,57.04,46.10,38.52,33.34,31.17,30.27,28.92,28.77,28.25,27.61,26.74,25.93,25.08,24.15,23.23,22.20,21.04,19.99,18.84,17.75,16.90,16.13,15.75,15.72,16.05,16.85,17.90,19.03,20.35,21.54,22.57,23.57,24.52,25.45,26.53,27.73,29.21,30.97,32.96,35.32,38.00,40.98,44.49,48.71,53.91,60.44,68.33,77.60,87.76,98.51,109.10,118.95,127.92,135.88,142.87,149.36,155.93,162.96,171.08,180.74,192.57,206.55,222.72,240.71,259.67,278.58,296.72,313.36,328.77,342.95,357.52,373.44,391.19,411.81,434.90,459.97,486.56,513.54,539.29,564.30,586.53,607.49,626.98,647.07,669.04,693.37,719.53,748.83,779.54,810.01,842.04,874.71,909.58,946.15,985.17,1026.17,1070.98,1114.49,1158.40,1200.86,1237.53,1266.60,1285.49,1293.11,1289.78,1275.64,1249.81,1217.10,1175.92,1128.13,1076.38,1024.80,977.02,937.97,909.76,893.05,887.59,888.99,893.06,897.20,901.41,902.68,903.88,904.60,907.06,913.51,923.85,938.87,959.93,985.24,1014.08,1047.23,1081.70,1124.65,1175.84,1235.63,1306.30,1381.37,1460.00,1533.47,1590.99,1654.04,1696.90,1731.24,1784.92,1853.36,1960.95,2116.87,2309.82,2535.86,2752.03,2910.29,3019.17,3037.08,2971.00,2859.92,2719.02,2581.48,2473.65,2383.28,2324.87,2288.36,2254.46,2234.20,2212.88,2200.34,2198.43,2195.05,2192.47,2190.47,2175.17,2140.32,2090.76,2027.38,1953.40,1871.00,1783.59,1701.03,1617.83,1536.52,1462.91,1392.52,1323.25,1257.34,1191.58,1125.79,1060.74,995.36,930.66,869.10,811.86,760.78,718.14,682.27,653.58,630.08,609.39,591.04,573.91,556.96,540.70,524.80,509.20,494.17,478.79,464.58,450.54,436.74,423.61,411.69,400.00,389.50,380.44,371.98,364.49,355.92,346.71,336.05,323.31,309.15,294.69,279.68,265.47,252.38,240.54,230.61,222.06,215.03,209.14,204.26,200.13,197.12,195.34,194.64,195.09,196.44,198.03,199.57,200.66,201.11,201.04,199.95,197.78,195.16,191.74,187.66,183.81,179.61,175.14,169.87,163.40,155.52,145.93,135.38,124.95,115.19,106.88,101.08,97.42,95.56,94.60,94.24,93.45,91.76,88.90,85.31,81.35,77.13,73.34,70.05,67.61,65.84,64.52,63.23,62.23,61.00,59.26,57.51,55.58,53.82,52.02,50.06,48.51,46.81,44.99,43.69,42.54,41.69,41.52,41.47,41.80,42.37,43.00,43.77,44.35,44.68,45.11,45.18,44.94,44.98,44.81,44.39,43.92,43.32,42.54,41.69,40.88,40.41,39.87,39.15,38.73,38.19,37.82,38.16,39.16,41.39,44.41,47.97,52.35,57.18,62.58,68.50,74.87,82.02,89.41,96.07,102.85,109.82,115.95,122.00,129.08,137.33,146.58,158.20,173.14,190.32,209.34,229.91,252.22,273.86,295.20,319.05,343.09,366.89,392.96,420.96,449.09,479.10,511.32,544.35,575.16,601.79,626.63,646.35,663.58,685.27,709.70,738.12,771.19,805.55,837.27,864.68,885.66,900.39,903.19,896.11,883.98,861.91,835.43,811.52,789.07,767.04,748.24,730.43,713.38,695.49,681.23,672.16,663.70,661.45,663.48,666.74,673.91,688.94,709.24,735.86,770.50,816.02,866.80,920.06,985.87,1053.54,1118.26,1185.12,1253.53,1316.95,1381.60,1443.26,1512.19,1573.40,1619.56,1666.77,1699.62,1725.89,1766.23,1815.24,1880.98,1969.70,2058.34,2153.86,2244.15,2321.96,2389.11,2432.71,2453.74,2463.19,2443.94,2411.12,2389.26,2369.29,2359.23,2365.02,2387.54,2414.75,2444.12,2485.44,2530.53,2569.52,2603.81,2637.94,2664.12,2682.49,2708.36,2738.66,2754.95,2758.77,2740.93,2703.73,2634.45,2560.53,2502.12,2447.26,2415.95,2411.93,2418.93,2436.59,2466.73,2486.25,2519.34,2547.27,2582.90,2637.46,2706.17,2789.98,2907.37,3000.24,3072.04,3130.01,3127.36,3096.59,3050.51,2997.09,2952.56,2921.17,2877.53,2852.56,2813.47,2761.79,2715.60,2659.50,2599.20,2547.43,2484.95,2423.93,2382.72,2346.67,2327.10,2318.13,2326.41,2340.51
